dataset,figure,figure_id,model,solution,value,x
WK,motivation_gpu_bottleneck,motivation_gpu_bottleneck,JODIE,GPU SM utilization (%),12.0702,
WK,motivation_gpu_bottleneck,motivation_gpu_bottleneck,JODIE,Memory latency share (%),75.4847,
MC,motivation_gpu_bottleneck,motivation_gpu_bottleneck,JODIE,GPU SM utilization (%),13.3672,
MC,motivation_gpu_bottleneck,motivation_gpu_bottleneck,JODIE,Memory latency share (%),81.8736,
RT,motivation_gpu_bottleneck,motivation_gpu_bottleneck,JODIE,GPU SM utilization (%),12.5241,
RT,motivation_gpu_bottleneck,motivation_gpu_bottleneck,JODIE,Memory latency share (%),77.7208,
LM,motivation_gpu_bottleneck,motivation_gpu_bottleneck,JODIE,GPU SM utilization (%),12.7187,
LM,motivation_gpu_bottleneck,motivation_gpu_bottleneck,JODIE,Memory latency share (%),78.6792,
WT,motivation_gpu_bottleneck,motivation_gpu_bottleneck,JODIE,GPU SM utilization (%),13.1726,
WT,motivation_gpu_bottleneck,motivation_gpu_bottleneck,JODIE,Memory latency share (%),80.9153,
GT,motivation_gpu_bottleneck,motivation_gpu_bottleneck,JODIE,GPU SM utilization (%),13.6266,
GT,motivation_gpu_bottleneck,motivation_gpu_bottleneck,JODIE,Memory latency share (%),83.1514,
WK,motivation_gpu_bottleneck,motivation_gpu_bottleneck,TGN,GPU SM utilization (%),12.3814,
WK,motivation_gpu_bottleneck,motivation_gpu_bottleneck,TGN,Memory latency share (%),76.9222,
MC,motivation_gpu_bottleneck,motivation_gpu_bottleneck,TGN,GPU SM utilization (%),13.6785,
MC,motivation_gpu_bottleneck,motivation_gpu_bottleneck,TGN,Memory latency share (%),83.3111,
RT,motivation_gpu_bottleneck,motivation_gpu_bottleneck,TGN,GPU SM utilization (%),12.8354,
RT,motivation_gpu_bottleneck,motivation_gpu_bottleneck,TGN,Memory latency share (%),79.1583,
LM,motivation_gpu_bottleneck,motivation_gpu_bottleneck,TGN,GPU SM utilization (%),13.03,
LM,motivation_gpu_bottleneck,motivation_gpu_bottleneck,TGN,Memory latency share (%),80.1167,
WT,motivation_gpu_bottleneck,motivation_gpu_bottleneck,TGN,GPU SM utilization (%),13.4839,
WT,motivation_gpu_bottleneck,motivation_gpu_bottleneck,TGN,Memory latency share (%),82.3528,
GT,motivation_gpu_bottleneck,motivation_gpu_bottleneck,TGN,GPU SM utilization (%),13.9379,
GT,motivation_gpu_bottleneck,motivation_gpu_bottleneck,TGN,Memory latency share (%),84.5889,
WK,motivation_gpu_bottleneck,motivation_gpu_bottleneck,TGAT,GPU SM utilization (%),12.5475,
WK,motivation_gpu_bottleneck,motivation_gpu_bottleneck,TGAT,Memory latency share (%),77.6889,
MC,motivation_gpu_bottleneck,motivation_gpu_bottleneck,TGAT,GPU SM utilization (%),13.8445,
MC,motivation_gpu_bottleneck,motivation_gpu_bottleneck,TGAT,Memory latency share (%),84.0778,
RT,motivation_gpu_bottleneck,motivation_gpu_bottleneck,TGAT,GPU SM utilization (%),13.0014,
RT,motivation_gpu_bottleneck,motivation_gpu_bottleneck,TGAT,Memory latency share (%),79.925,
LM,motivation_gpu_bottleneck,motivation_gpu_bottleneck,TGAT,GPU SM utilization (%),13.196,
LM,motivation_gpu_bottleneck,motivation_gpu_bottleneck,TGAT,Memory latency share (%),80.8833,
WT,motivation_gpu_bottleneck,motivation_gpu_bottleneck,TGAT,GPU SM utilization (%),13.6499,
WT,motivation_gpu_bottleneck,motivation_gpu_bottleneck,TGAT,Memory latency share (%),83.1194,
GT,motivation_gpu_bottleneck,motivation_gpu_bottleneck,TGAT,GPU SM utilization (%),14.1039,
GT,motivation_gpu_bottleneck,motivation_gpu_bottleneck,TGAT,Memory latency share (%),85.3556,
WK,motivation_gpu_bottleneck,motivation_gpu_bottleneck,APAN,GPU SM utilization (%),12.0287,
WK,motivation_gpu_bottleneck,motivation_gpu_bottleneck,APAN,Memory latency share (%),75.2931,
MC,motivation_gpu_bottleneck,motivation_gpu_bottleneck,APAN,GPU SM utilization (%),13.3257,
MC,motivation_gpu_bottleneck,motivation_gpu_bottleneck,APAN,Memory latency share (%),81.6819,
RT,motivation_gpu_bottleneck,motivation_gpu_bottleneck,APAN,GPU SM utilization (%),12.4826,
RT,motivation_gpu_bottleneck,motivation_gpu_bottleneck,APAN,Memory latency share (%),77.5292,
LM,motivation_gpu_bottleneck,motivation_gpu_bottleneck,APAN,GPU SM utilization (%),12.6772,
LM,motivation_gpu_bottleneck,motivation_gpu_bottleneck,APAN,Memory latency share (%),78.4875,
WT,motivation_gpu_bottleneck,motivation_gpu_bottleneck,APAN,GPU SM utilization (%),13.1311,
WT,motivation_gpu_bottleneck,motivation_gpu_bottleneck,APAN,Memory latency share (%),80.7236,
GT,motivation_gpu_bottleneck,motivation_gpu_bottleneck,APAN,GPU SM utilization (%),13.5851,
GT,motivation_gpu_bottleneck,motivation_gpu_bottleneck,APAN,Memory latency share (%),82.9597,
AVG,motivation_gpu_bottleneck,motivation_gpu_bottleneck,AVG,GPU SM utilization (%),13.1,
AVG,motivation_gpu_bottleneck,motivation_gpu_bottleneck,AVG,Memory latency share (%),80.5,
WK,motivation_useful_data_ratio,motivation_useful_data_ratio,JODIE,Useful-data ratio (%),29.7,
MC,motivation_useful_data_ratio,motivation_useful_data_ratio,JODIE,Useful-data ratio (%),32.4,
RT,motivation_useful_data_ratio,motivation_useful_data_ratio,JODIE,Useful-data ratio (%),28.0,
LM,motivation_useful_data_ratio,motivation_useful_data_ratio,JODIE,Useful-data ratio (%),26.2,
WT,motivation_useful_data_ratio,motivation_useful_data_ratio,JODIE,Useful-data ratio (%),35.3,
GT,motivation_useful_data_ratio,motivation_useful_data_ratio,JODIE,Useful-data ratio (%),38.0,
WK,motivation_useful_data_ratio,motivation_useful_data_ratio,TGN,Useful-data ratio (%),34.4,
MC,motivation_useful_data_ratio,motivation_useful_data_ratio,TGN,Useful-data ratio (%),37.1,
RT,motivation_useful_data_ratio,motivation_useful_data_ratio,TGN,Useful-data ratio (%),32.7,
LM,motivation_useful_data_ratio,motivation_useful_data_ratio,TGN,Useful-data ratio (%),30.9,
WT,motivation_useful_data_ratio,motivation_useful_data_ratio,TGN,Useful-data ratio (%),40.0,
GT,motivation_useful_data_ratio,motivation_useful_data_ratio,TGN,Useful-data ratio (%),42.7,
WK,motivation_useful_data_ratio,motivation_useful_data_ratio,TGAT,Useful-data ratio (%),33.8,
MC,motivation_useful_data_ratio,motivation_useful_data_ratio,TGAT,Useful-data ratio (%),36.5,
RT,motivation_useful_data_ratio,motivation_useful_data_ratio,TGAT,Useful-data ratio (%),32.1,
LM,motivation_useful_data_ratio,motivation_useful_data_ratio,TGAT,Useful-data ratio (%),30.3,
WT,motivation_useful_data_ratio,motivation_useful_data_ratio,TGAT,Useful-data ratio (%),39.4,
GT,motivation_useful_data_ratio,motivation_useful_data_ratio,TGAT,Useful-data ratio (%),42.1,
WK,motivation_useful_data_ratio,motivation_useful_data_ratio,APAN,Useful-data ratio (%),34.9,
MC,motivation_useful_data_ratio,motivation_useful_data_ratio,APAN,Useful-data ratio (%),37.6,
RT,motivation_useful_data_ratio,motivation_useful_data_ratio,APAN,Useful-data ratio (%),33.2,
LM,motivation_useful_data_ratio,motivation_useful_data_ratio,APAN,Useful-data ratio (%),31.4,
WT,motivation_useful_data_ratio,motivation_useful_data_ratio,APAN,Useful-data ratio (%),40.5,
GT,motivation_useful_data_ratio,motivation_useful_data_ratio,APAN,Useful-data ratio (%),43.2,
AVG,motivation_useful_data_ratio,motivation_useful_data_ratio,AVG,Useful-data ratio (%),35.1,
WK,motivation_bpr,motivation_bpr,JODIE,BPR (%),73.2832,
MC,motivation_bpr,motivation_bpr,JODIE,BPR (%),81.204,
RT,motivation_bpr,motivation_bpr,JODIE,BPR (%),76.0554,
LM,motivation_bpr,motivation_bpr,JODIE,BPR (%),77.2436,
WT,motivation_bpr,motivation_bpr,JODIE,BPR (%),80.0158,
GT,motivation_bpr,motivation_bpr,JODIE,BPR (%),82.7881,
WK,motivation_bpr,motivation_bpr,TGN,BPR (%),75.897,
MC,motivation_bpr,motivation_bpr,TGN,BPR (%),83.8178,
RT,motivation_bpr,motivation_bpr,TGN,BPR (%),78.6693,
LM,motivation_bpr,motivation_bpr,TGN,BPR (%),79.8574,
WT,motivation_bpr,motivation_bpr,TGN,BPR (%),82.6297,
GT,motivation_bpr,motivation_bpr,TGN,BPR (%),85.402,
WK,motivation_bpr,motivation_bpr,TGAT,BPR (%),77.2911,
MC,motivation_bpr,motivation_bpr,TGAT,BPR (%),85.2119,
RT,motivation_bpr,motivation_bpr,TGAT,BPR (%),80.0634,
LM,motivation_bpr,motivation_bpr,TGAT,BPR (%),81.2515,
WT,motivation_bpr,motivation_bpr,TGAT,BPR (%),84.0238,
GT,motivation_bpr,motivation_bpr,TGAT,BPR (%),86.796,
WK,motivation_bpr,motivation_bpr,APAN,BPR (%),72.9347,
MC,motivation_bpr,motivation_bpr,APAN,BPR (%),80.8554,
RT,motivation_bpr,motivation_bpr,APAN,BPR (%),75.7069,
LM,motivation_bpr,motivation_bpr,APAN,BPR (%),76.895,
WT,motivation_bpr,motivation_bpr,APAN,BPR (%),79.6673,
GT,motivation_bpr,motivation_bpr,APAN,BPR (%),82.4396,
AVG,motivation_bpr,motivation_bpr,AVG,BPR (%),80.0,
WK,fig10_speedup_tglite_cpu,fig10_speedup_tglite_cpu,JODIE,TGLite-CPU,1.0,
WK,fig10_speedup_tglite_cpu,fig10_speedup_tglite_cpu,JODIE,Cascade,4.9478,
WK,fig10_speedup_tglite_cpu,fig10_speedup_tglite_cpu,JODIE,TempGNN-G,12.1394,
WK,fig10_speedup_tglite_cpu,fig10_speedup_tglite_cpu,JODIE,TempGNN,114.7194,
MC,fig10_speedup_tglite_cpu,fig10_speedup_tglite_cpu,JODIE,TGLite-CPU,1.0,
MC,fig10_speedup_tglite_cpu,fig10_speedup_tglite_cpu,JODIE,Cascade,4.6807,
MC,fig10_speedup_tglite_cpu,fig10_speedup_tglite_cpu,JODIE,TempGNN-G,12.9824,
MC,fig10_speedup_tglite_cpu,fig10_speedup_tglite_cpu,JODIE,TempGNN,138.2007,
RT,fig10_speedup_tglite_cpu,fig10_speedup_tglite_cpu,JODIE,TGLite-CPU,1.0,
RT,fig10_speedup_tglite_cpu,fig10_speedup_tglite_cpu,JODIE,Cascade,4.8392,
RT,fig10_speedup_tglite_cpu,fig10_speedup_tglite_cpu,JODIE,TempGNN-G,12.415,
RT,fig10_speedup_tglite_cpu,fig10_speedup_tglite_cpu,JODIE,TempGNN,122.9378,
LM,fig10_speedup_tglite_cpu,fig10_speedup_tglite_cpu,JODIE,TGLite-CPU,1.0,
LM,fig10_speedup_tglite_cpu,fig10_speedup_tglite_cpu,JODIE,Cascade,4.7982,
LM,fig10_speedup_tglite_cpu,fig10_speedup_tglite_cpu,JODIE,TempGNN-G,12.5403,
LM,fig10_speedup_tglite_cpu,fig10_speedup_tglite_cpu,JODIE,TempGNN,126.46,
WT,fig10_speedup_tglite_cpu,fig10_speedup_tglite_cpu,JODIE,TGLite-CPU,1.0,
WT,fig10_speedup_tglite_cpu,fig10_speedup_tglite_cpu,JODIE,Cascade,4.7132,
WT,fig10_speedup_tglite_cpu,fig10_speedup_tglite_cpu,JODIE,TempGNN-G,12.8463,
WT,fig10_speedup_tglite_cpu,fig10_speedup_tglite_cpu,JODIE,TempGNN,134.6785,
GT,fig10_speedup_tglite_cpu,fig10_speedup_tglite_cpu,JODIE,TGLite-CPU,1.0,
GT,fig10_speedup_tglite_cpu,fig10_speedup_tglite_cpu,JODIE,Cascade,4.6404,
GT,fig10_speedup_tglite_cpu,fig10_speedup_tglite_cpu,JODIE,TempGNN-G,13.168,
GT,fig10_speedup_tglite_cpu,fig10_speedup_tglite_cpu,JODIE,TempGNN,142.897,
WK,fig10_speedup_tglite_cpu,fig10_speedup_tglite_cpu,TGN,TGLite-CPU,1.0,
WK,fig10_speedup_tglite_cpu,fig10_speedup_tglite_cpu,TGN,Cascade,4.8397,
WK,fig10_speedup_tglite_cpu,fig10_speedup_tglite_cpu,TGN,TempGNN-G,12.1839,
WK,fig10_speedup_tglite_cpu,fig10_speedup_tglite_cpu,TGN,TempGNN,119.4156,
MC,fig10_speedup_tglite_cpu,fig10_speedup_tglite_cpu,TGN,TGLite-CPU,1.0,
MC,fig10_speedup_tglite_cpu,fig10_speedup_tglite_cpu,TGN,Cascade,4.6074,
MC,fig10_speedup_tglite_cpu,fig10_speedup_tglite_cpu,TGN,TempGNN-G,13.0743,
MC,fig10_speedup_tglite_cpu,fig10_speedup_tglite_cpu,TGN,TempGNN,142.897,
RT,fig10_speedup_tglite_cpu,fig10_speedup_tglite_cpu,TGN,TGLite-CPU,1.0,
RT,fig10_speedup_tglite_cpu,fig10_speedup_tglite_cpu,TGN,Cascade,4.7459,
RT,fig10_speedup_tglite_cpu,fig10_speedup_tglite_cpu,TGN,TempGNN-G,12.4797,
RT,fig10_speedup_tglite_cpu,fig10_speedup_tglite_cpu,TGN,TempGNN,127.6341,
LM,fig10_speedup_tglite_cpu,fig10_speedup_tglite_cpu,TGN,TGLite-CPU,1.0,
LM,fig10_speedup_tglite_cpu,fig10_speedup_tglite_cpu,TGN,Cascade,4.7103,
LM,fig10_speedup_tglite_cpu,fig10_speedup_tglite_cpu,TGN,TempGNN-G,12.6123,
LM,fig10_speedup_tglite_cpu,fig10_speedup_tglite_cpu,TGN,TempGNN,131.1563,
WT,fig10_speedup_tglite_cpu,fig10_speedup_tglite_cpu,TGN,TGLite-CPU,1.0,
WT,fig10_speedup_tglite_cpu,fig10_speedup_tglite_cpu,TGN,Cascade,4.636,
WT,fig10_speedup_tglite_cpu,fig10_speedup_tglite_cpu,TGN,TempGNN-G,12.9328,
WT,fig10_speedup_tglite_cpu,fig10_speedup_tglite_cpu,TGN,TempGNN,139.3748,
GT,fig10_speedup_tglite_cpu,fig10_speedup_tglite_cpu,TGN,TGLite-CPU,1.0,
GT,fig10_speedup_tglite_cpu,fig10_speedup_tglite_cpu,TGN,Cascade,4.5719,
GT,fig10_speedup_tglite_cpu,fig10_speedup_tglite_cpu,TGN,TempGNN-G,13.2664,
GT,fig10_speedup_tglite_cpu,fig10_speedup_tglite_cpu,TGN,TempGNN,147.5932,
WK,fig10_speedup_tglite_cpu,fig10_speedup_tglite_cpu,TGAT,TGLite-CPU,1.0,
WK,fig10_speedup_tglite_cpu,fig10_speedup_tglite_cpu,TGAT,Cascade,4.7872,
WK,fig10_speedup_tglite_cpu,fig10_speedup_tglite_cpu,TGAT,TempGNN-G,12.2152,
WK,fig10_speedup_tglite_cpu,fig10_speedup_tglite_cpu,TGAT,TempGNN,121.9203,
MC,fig10_speedup_tglite_cpu,fig10_speedup_tglite_cpu,TGAT,TGLite-CPU,1.0,
MC,fig10_speedup_tglite_cpu,fig10_speedup_tglite_cpu,TGAT,Cascade,4.5712,
MC,fig10_speedup_tglite_cpu,fig10_speedup_tglite_cpu,TGAT,TempGNN-G,13.1276,
MC,fig10_speedup_tglite_cpu,fig10_speedup_tglite_cpu,TGAT,TempGNN,145.4017,
RT,fig10_speedup_tglite_cpu,fig10_speedup_tglite_cpu,TGAT,TGLite-CPU,1.0,
RT,fig10_speedup_tglite_cpu,fig10_speedup_tglite_cpu,TGAT,Cascade,4.7003,
RT,fig10_speedup_tglite_cpu,fig10_speedup_tglite_cpu,TGAT,TempGNN-G,12.5203,
RT,fig10_speedup_tglite_cpu,fig10_speedup_tglite_cpu,TGAT,TempGNN,130.1388,
LM,fig10_speedup_tglite_cpu,fig10_speedup_tglite_cpu,TGAT,TGLite-CPU,1.0,
LM,fig10_speedup_tglite_cpu,fig10_speedup_tglite_cpu,TGAT,Cascade,4.6672,
LM,fig10_speedup_tglite_cpu,fig10_speedup_tglite_cpu,TGAT,TempGNN-G,12.6563,
LM,fig10_speedup_tglite_cpu,fig10_speedup_tglite_cpu,TGAT,TempGNN,133.661,
WT,fig10_speedup_tglite_cpu,fig10_speedup_tglite_cpu,TGAT,TGLite-CPU,1.0,
WT,fig10_speedup_tglite_cpu,fig10_speedup_tglite_cpu,TGAT,Cascade,4.5979,
WT,fig10_speedup_tglite_cpu,fig10_speedup_tglite_cpu,TGAT,TempGNN-G,12.9836,
WT,fig10_speedup_tglite_cpu,fig10_speedup_tglite_cpu,TGAT,TempGNN,141.8794,
GT,fig10_speedup_tglite_cpu,fig10_speedup_tglite_cpu,TGAT,TGLite-CPU,1.0,
GT,fig10_speedup_tglite_cpu,fig10_speedup_tglite_cpu,TGAT,Cascade,4.5379,
GT,fig10_speedup_tglite_cpu,fig10_speedup_tglite_cpu,TGAT,TempGNN-G,13.3226,
GT,fig10_speedup_tglite_cpu,fig10_speedup_tglite_cpu,TGAT,TempGNN,150.0979,
WK,fig10_speedup_tglite_cpu,fig10_speedup_tglite_cpu,APAN,TGLite-CPU,1.0,
WK,fig10_speedup_tglite_cpu,fig10_speedup_tglite_cpu,APAN,Cascade,4.9633,
WK,fig10_speedup_tglite_cpu,fig10_speedup_tglite_cpu,APAN,TempGNN-G,12.135,
WK,fig10_speedup_tglite_cpu,fig10_speedup_tglite_cpu,APAN,TempGNN,114.0932,
MC,fig10_speedup_tglite_cpu,fig10_speedup_tglite_cpu,APAN,TGLite-CPU,1.0,
MC,fig10_speedup_tglite_cpu,fig10_speedup_tglite_cpu,APAN,Cascade,4.691,
MC,fig10_speedup_tglite_cpu,fig10_speedup_tglite_cpu,APAN,TempGNN-G,12.971,
MC,fig10_speedup_tglite_cpu,fig10_speedup_tglite_cpu,APAN,TempGNN,137.5745,
RT,fig10_speedup_tglite_cpu,fig10_speedup_tglite_cpu,APAN,TGLite-CPU,1.0,
RT,fig10_speedup_tglite_cpu,fig10_speedup_tglite_cpu,APAN,Cascade,4.8524,
RT,fig10_speedup_tglite_cpu,fig10_speedup_tglite_cpu,APAN,TempGNN-G,12.4076,
RT,fig10_speedup_tglite_cpu,fig10_speedup_tglite_cpu,APAN,TempGNN,122.3117,
LM,fig10_speedup_tglite_cpu,fig10_speedup_tglite_cpu,APAN,TGLite-CPU,1.0,
LM,fig10_speedup_tglite_cpu,fig10_speedup_tglite_cpu,APAN,Cascade,4.8106,
LM,fig10_speedup_tglite_cpu,fig10_speedup_tglite_cpu,APAN,TempGNN-G,12.5318,
LM,fig10_speedup_tglite_cpu,fig10_speedup_tglite_cpu,APAN,TempGNN,125.8339,
WT,fig10_speedup_tglite_cpu,fig10_speedup_tglite_cpu,APAN,TGLite-CPU,1.0,
WT,fig10_speedup_tglite_cpu,fig10_speedup_tglite_cpu,APAN,Cascade,4.7241,
WT,fig10_speedup_tglite_cpu,fig10_speedup_tglite_cpu,APAN,TempGNN-G,12.8357,
WT,fig10_speedup_tglite_cpu,fig10_speedup_tglite_cpu,APAN,TempGNN,134.0523,
GT,fig10_speedup_tglite_cpu,fig10_speedup_tglite_cpu,APAN,TGLite-CPU,1.0,
GT,fig10_speedup_tglite_cpu,fig10_speedup_tglite_cpu,APAN,Cascade,4.6501,
GT,fig10_speedup_tglite_cpu,fig10_speedup_tglite_cpu,APAN,TempGNN-G,13.1556,
GT,fig10_speedup_tglite_cpu,fig10_speedup_tglite_cpu,APAN,TempGNN,142.2708,
AVG,fig10_speedup_tglite_cpu,fig10_speedup_tglite_cpu,AVG,TGLite-CPU,1.0,
AVG,fig10_speedup_tglite_cpu,fig10_speedup_tglite_cpu,AVG,Cascade,4.7202,
AVG,fig10_speedup_tglite_cpu,fig10_speedup_tglite_cpu,AVG,TempGNN-G,12.7293,
AVG,fig10_speedup_tglite_cpu,fig10_speedup_tglite_cpu,AVG,TempGNN,132.8,
WK,fig11_speedup_matg,fig11_speedup_matg,JODIE,MATG,1.0,
WK,fig11_speedup_matg,fig11_speedup_matg,JODIE,ViTeGNN,1.3625,
WK,fig11_speedup_matg,fig11_speedup_matg,JODIE,RTGA,1.9057,
WK,fig11_speedup_matg,fig11_speedup_matg,JODIE,TempGNN,6.6263,
MC,fig11_speedup_matg,fig11_speedup_matg,JODIE,MATG,1.0,
MC,fig11_speedup_matg,fig11_speedup_matg,JODIE,ViTeGNN,1.4212,
MC,fig11_speedup_matg,fig11_speedup_matg,JODIE,RTGA,2.0297,
MC,fig11_speedup_matg,fig11_speedup_matg,JODIE,TempGNN,7.8967,
RT,fig11_speedup_matg,fig11_speedup_matg,JODIE,MATG,1.0,
RT,fig11_speedup_matg,fig11_speedup_matg,JODIE,ViTeGNN,1.3849,
RT,fig11_speedup_matg,fig11_speedup_matg,JODIE,RTGA,1.9523,
RT,fig11_speedup_matg,fig11_speedup_matg,JODIE,TempGNN,7.0709,
LM,fig11_speedup_matg,fig11_speedup_matg,JODIE,MATG,1.0,
LM,fig11_speedup_matg,fig11_speedup_matg,JODIE,ViTeGNN,1.3938,
LM,fig11_speedup_matg,fig11_speedup_matg,JODIE,RTGA,1.9712,
LM,fig11_speedup_matg,fig11_speedup_matg,JODIE,TempGNN,7.2615,
WT,fig11_speedup_matg,fig11_speedup_matg,JODIE,MATG,1.0,
WT,fig11_speedup_matg,fig11_speedup_matg,JODIE,ViTeGNN,1.4134,
WT,fig11_speedup_matg,fig11_speedup_matg,JODIE,RTGA,2.0128,
WT,fig11_speedup_matg,fig11_speedup_matg,JODIE,TempGNN,7.7061,
GT,fig11_speedup_matg,fig11_speedup_matg,JODIE,MATG,1.0,
GT,fig11_speedup_matg,fig11_speedup_matg,JODIE,ViTeGNN,1.4313,
GT,fig11_speedup_matg,fig11_speedup_matg,JODIE,RTGA,2.0514,
GT,fig11_speedup_matg,fig11_speedup_matg,JODIE,TempGNN,8.1508,
WK,fig11_speedup_matg,fig11_speedup_matg,TGN,MATG,1.0,
WK,fig11_speedup_matg,fig11_speedup_matg,TGN,ViTeGNN,1.3726,
WK,fig11_speedup_matg,fig11_speedup_matg,TGN,RTGA,1.9266,
WK,fig11_speedup_matg,fig11_speedup_matg,TGN,TempGNN,6.8729,
MC,fig11_speedup_matg,fig11_speedup_matg,TGN,MATG,1.0,
MC,fig11_speedup_matg,fig11_speedup_matg,TGN,ViTeGNN,1.4286,
MC,fig11_speedup_matg,fig11_speedup_matg,TGN,RTGA,2.0456,
MC,fig11_speedup_matg,fig11_speedup_matg,TGN,TempGNN,8.1433,
RT,fig11_speedup_matg,fig11_speedup_matg,TGN,MATG,1.0,
RT,fig11_speedup_matg,fig11_speedup_matg,TGN,ViTeGNN,1.3939,
RT,fig11_speedup_matg,fig11_speedup_matg,TGN,RTGA,1.9713,
RT,fig11_speedup_matg,fig11_speedup_matg,TGN,TempGNN,7.3175,
LM,fig11_speedup_matg,fig11_speedup_matg,TGN,MATG,1.0,
LM,fig11_speedup_matg,fig11_speedup_matg,TGN,ViTeGNN,1.4024,
LM,fig11_speedup_matg,fig11_speedup_matg,TGN,RTGA,1.9894,
LM,fig11_speedup_matg,fig11_speedup_matg,TGN,TempGNN,7.5081,
WT,fig11_speedup_matg,fig11_speedup_matg,TGN,MATG,1.0,
WT,fig11_speedup_matg,fig11_speedup_matg,TGN,ViTeGNN,1.4211,
WT,fig11_speedup_matg,fig11_speedup_matg,TGN,RTGA,2.0294,
WT,fig11_speedup_matg,fig11_speedup_matg,TGN,TempGNN,7.9527,
GT,fig11_speedup_matg,fig11_speedup_matg,TGN,MATG,1.0,
GT,fig11_speedup_matg,fig11_speedup_matg,TGN,ViTeGNN,1.4382,
GT,fig11_speedup_matg,fig11_speedup_matg,TGN,RTGA,2.0665,
GT,fig11_speedup_matg,fig11_speedup_matg,TGN,TempGNN,8.3974,
WK,fig11_speedup_matg,fig11_speedup_matg,TGAT,MATG,1.0,
WK,fig11_speedup_matg,fig11_speedup_matg,TGAT,ViTeGNN,1.3778,
WK,fig11_speedup_matg,fig11_speedup_matg,TGAT,RTGA,1.9374,
WK,fig11_speedup_matg,fig11_speedup_matg,TGAT,TempGNN,7.0044,
MC,fig11_speedup_matg,fig11_speedup_matg,TGAT,MATG,1.0,
MC,fig11_speedup_matg,fig11_speedup_matg,TGAT,ViTeGNN,1.4324,
MC,fig11_speedup_matg,fig11_speedup_matg,TGAT,RTGA,2.0539,
MC,fig11_speedup_matg,fig11_speedup_matg,TGAT,TempGNN,8.2748,
RT,fig11_speedup_matg,fig11_speedup_matg,TGAT,MATG,1.0,
RT,fig11_speedup_matg,fig11_speedup_matg,TGAT,ViTeGNN,1.3985,
RT,fig11_speedup_matg,fig11_speedup_matg,TGAT,RTGA,1.981,
RT,fig11_speedup_matg,fig11_speedup_matg,TGAT,TempGNN,7.449,
LM,fig11_speedup_matg,fig11_speedup_matg,TGAT,MATG,1.0,
LM,fig11_speedup_matg,fig11_speedup_matg,TGAT,ViTeGNN,1.4068,
LM,fig11_speedup_matg,fig11_speedup_matg,TGAT,RTGA,1.9988,
LM,fig11_speedup_matg,fig11_speedup_matg,TGAT,TempGNN,7.6396,
WT,fig11_speedup_matg,fig11_speedup_matg,TGAT,MATG,1.0,
WT,fig11_speedup_matg,fig11_speedup_matg,TGAT,ViTeGNN,1.4251,
WT,fig11_speedup_matg,fig11_speedup_matg,TGAT,RTGA,2.0379,
WT,fig11_speedup_matg,fig11_speedup_matg,TGAT,TempGNN,8.0842,
GT,fig11_speedup_matg,fig11_speedup_matg,TGAT,MATG,1.0,
GT,fig11_speedup_matg,fig11_speedup_matg,TGAT,ViTeGNN,1.4418,
GT,fig11_speedup_matg,fig11_speedup_matg,TGAT,RTGA,2.0744,
GT,fig11_speedup_matg,fig11_speedup_matg,TGAT,TempGNN,8.5289,
WK,fig11_speedup_matg,fig11_speedup_matg,APAN,MATG,1.0,
WK,fig11_speedup_matg,fig11_speedup_matg,APAN,ViTeGNN,1.3611,
WK,fig11_speedup_matg,fig11_speedup_matg,APAN,RTGA,1.9028,
WK,fig11_speedup_matg,fig11_speedup_matg,APAN,TempGNN,6.5934,
MC,fig11_speedup_matg,fig11_speedup_matg,APAN,MATG,1.0,
MC,fig11_speedup_matg,fig11_speedup_matg,APAN,ViTeGNN,1.4202,
MC,fig11_speedup_matg,fig11_speedup_matg,APAN,RTGA,2.0275,
MC,fig11_speedup_matg,fig11_speedup_matg,APAN,TempGNN,7.8638,
RT,fig11_speedup_matg,fig11_speedup_matg,APAN,MATG,1.0,
RT,fig11_speedup_matg,fig11_speedup_matg,APAN,ViTeGNN,1.3837,
RT,fig11_speedup_matg,fig11_speedup_matg,APAN,RTGA,1.9497,
RT,fig11_speedup_matg,fig11_speedup_matg,APAN,TempGNN,7.038,
LM,fig11_speedup_matg,fig11_speedup_matg,APAN,MATG,1.0,
LM,fig11_speedup_matg,fig11_speedup_matg,APAN,ViTeGNN,1.3927,
LM,fig11_speedup_matg,fig11_speedup_matg,APAN,RTGA,1.9687,
LM,fig11_speedup_matg,fig11_speedup_matg,APAN,TempGNN,7.2286,
WT,fig11_speedup_matg,fig11_speedup_matg,APAN,MATG,1.0,
WT,fig11_speedup_matg,fig11_speedup_matg,APAN,ViTeGNN,1.4123,
WT,fig11_speedup_matg,fig11_speedup_matg,APAN,RTGA,2.0105,
WT,fig11_speedup_matg,fig11_speedup_matg,APAN,TempGNN,7.6732,
GT,fig11_speedup_matg,fig11_speedup_matg,APAN,MATG,1.0,
GT,fig11_speedup_matg,fig11_speedup_matg,APAN,ViTeGNN,1.4303,
GT,fig11_speedup_matg,fig11_speedup_matg,APAN,RTGA,2.0493,
GT,fig11_speedup_matg,fig11_speedup_matg,APAN,TempGNN,8.1179,
AVG,fig11_speedup_matg,fig11_speedup_matg,AVG,MATG,1.0,
AVG,fig11_speedup_matg,fig11_speedup_matg,AVG,ViTeGNN,1.4061,
AVG,fig11_speedup_matg,fig11_speedup_matg,AVG,RTGA,1.9977,
AVG,fig11_speedup_matg,fig11_speedup_matg,AVG,TempGNN,7.6,
WK,fig12_energy_tempgnn,fig12_energy_tempgnn,JODIE,TGLite-CPU,148.3007,
MC,fig12_energy_tempgnn,fig12_energy_tempgnn,JODIE,TGLite-CPU,174.7889,
RT,fig12_energy_tempgnn,fig12_energy_tempgnn,JODIE,TGLite-CPU,157.5716,
LM,fig12_energy_tempgnn,fig12_energy_tempgnn,JODIE,TGLite-CPU,161.5448,
WT,fig12_energy_tempgnn,fig12_energy_tempgnn,JODIE,TGLite-CPU,170.8157,
GT,fig12_energy_tempgnn,fig12_energy_tempgnn,JODIE,TGLite-CPU,180.0866,
WK,fig12_energy_tempgnn,fig12_energy_tempgnn,TGN,TGLite-CPU,152.7706,
MC,fig12_energy_tempgnn,fig12_energy_tempgnn,TGN,TGLite-CPU,179.2588,
RT,fig12_energy_tempgnn,fig12_energy_tempgnn,TGN,TGLite-CPU,162.0415,
LM,fig12_energy_tempgnn,fig12_energy_tempgnn,TGN,TGLite-CPU,166.0147,
WT,fig12_energy_tempgnn,fig12_energy_tempgnn,TGN,TGLite-CPU,175.2856,
GT,fig12_energy_tempgnn,fig12_energy_tempgnn,TGN,TGLite-CPU,184.5565,
WK,fig12_energy_tempgnn,fig12_energy_tempgnn,TGAT,TGLite-CPU,155.1546,
MC,fig12_energy_tempgnn,fig12_energy_tempgnn,TGAT,TGLite-CPU,181.6428,
RT,fig12_energy_tempgnn,fig12_energy_tempgnn,TGAT,TGLite-CPU,164.4254,
LM,fig12_energy_tempgnn,fig12_energy_tempgnn,TGAT,TGLite-CPU,168.3987,
WT,fig12_energy_tempgnn,fig12_energy_tempgnn,TGAT,TGLite-CPU,177.6695,
GT,fig12_energy_tempgnn,fig12_energy_tempgnn,TGAT,TGLite-CPU,186.9404,
WK,fig12_energy_tempgnn,fig12_energy_tempgnn,APAN,TGLite-CPU,147.7048,
MC,fig12_energy_tempgnn,fig12_energy_tempgnn,APAN,TGLite-CPU,174.193,
RT,fig12_energy_tempgnn,fig12_energy_tempgnn,APAN,TGLite-CPU,156.9756,
LM,fig12_energy_tempgnn,fig12_energy_tempgnn,APAN,TGLite-CPU,160.9489,
WT,fig12_energy_tempgnn,fig12_energy_tempgnn,APAN,TGLite-CPU,170.2197,
GT,fig12_energy_tempgnn,fig12_energy_tempgnn,APAN,TGLite-CPU,179.4906,
WK,fig12_energy_tempgnn,fig12_energy_tempgnn,JODIE,Cascade,29.5367,
MC,fig12_energy_tempgnn,fig12_energy_tempgnn,JODIE,Cascade,34.8123,
RT,fig12_energy_tempgnn,fig12_energy_tempgnn,JODIE,Cascade,31.3832,
LM,fig12_energy_tempgnn,fig12_energy_tempgnn,JODIE,Cascade,32.1745,
WT,fig12_energy_tempgnn,fig12_energy_tempgnn,JODIE,Cascade,34.021,
GT,fig12_energy_tempgnn,fig12_energy_tempgnn,JODIE,Cascade,35.8674,
WK,fig12_energy_tempgnn,fig12_energy_tempgnn,TGN,Cascade,30.427,
MC,fig12_energy_tempgnn,fig12_energy_tempgnn,TGN,Cascade,35.7026,
RT,fig12_energy_tempgnn,fig12_energy_tempgnn,TGN,Cascade,32.2734,
LM,fig12_energy_tempgnn,fig12_energy_tempgnn,TGN,Cascade,33.0648,
WT,fig12_energy_tempgnn,fig12_energy_tempgnn,TGN,Cascade,34.9112,
GT,fig12_energy_tempgnn,fig12_energy_tempgnn,TGN,Cascade,36.7577,
WK,fig12_energy_tempgnn,fig12_energy_tempgnn,TGAT,Cascade,30.9018,
MC,fig12_energy_tempgnn,fig12_energy_tempgnn,TGAT,Cascade,36.1774,
RT,fig12_energy_tempgnn,fig12_energy_tempgnn,TGAT,Cascade,32.7482,
LM,fig12_energy_tempgnn,fig12_energy_tempgnn,TGAT,Cascade,33.5396,
WT,fig12_energy_tempgnn,fig12_energy_tempgnn,TGAT,Cascade,35.386,
GT,fig12_energy_tempgnn,fig12_energy_tempgnn,TGAT,Cascade,37.2325,
WK,fig12_energy_tempgnn,fig12_energy_tempgnn,APAN,Cascade,29.418,
MC,fig12_energy_tempgnn,fig12_energy_tempgnn,APAN,Cascade,34.6936,
RT,fig12_energy_tempgnn,fig12_energy_tempgnn,APAN,Cascade,31.2645,
LM,fig12_energy_tempgnn,fig12_energy_tempgnn,APAN,Cascade,32.0558,
WT,fig12_energy_tempgnn,fig12_energy_tempgnn,APAN,Cascade,33.9023,
GT,fig12_energy_tempgnn,fig12_energy_tempgnn,APAN,Cascade,35.7487,
WK,fig12_energy_tempgnn,fig12_energy_tempgnn,JODIE,MATG,8.9933,
MC,fig12_energy_tempgnn,fig12_energy_tempgnn,JODIE,MATG,10.5996,
RT,fig12_energy_tempgnn,fig12_energy_tempgnn,JODIE,MATG,9.5555,
LM,fig12_energy_tempgnn,fig12_energy_tempgnn,JODIE,MATG,9.7964,
WT,fig12_energy_tempgnn,fig12_energy_tempgnn,JODIE,MATG,10.3586,
GT,fig12_energy_tempgnn,fig12_energy_tempgnn,JODIE,MATG,10.9208,
WK,fig12_energy_tempgnn,fig12_energy_tempgnn,TGN,MATG,9.2643,
MC,fig12_energy_tempgnn,fig12_energy_tempgnn,TGN,MATG,10.8706,
RT,fig12_energy_tempgnn,fig12_energy_tempgnn,TGN,MATG,9.8265,
LM,fig12_energy_tempgnn,fig12_energy_tempgnn,TGN,MATG,10.0675,
WT,fig12_energy_tempgnn,fig12_energy_tempgnn,TGN,MATG,10.6297,
GT,fig12_energy_tempgnn,fig12_energy_tempgnn,TGN,MATG,11.1919,
WK,fig12_energy_tempgnn,fig12_energy_tempgnn,TGAT,MATG,9.4089,
MC,fig12_energy_tempgnn,fig12_energy_tempgnn,TGAT,MATG,11.0152,
RT,fig12_energy_tempgnn,fig12_energy_tempgnn,TGAT,MATG,9.9711,
LM,fig12_energy_tempgnn,fig12_energy_tempgnn,TGAT,MATG,10.212,
WT,fig12_energy_tempgnn,fig12_energy_tempgnn,TGAT,MATG,10.7743,
GT,fig12_energy_tempgnn,fig12_energy_tempgnn,TGAT,MATG,11.3365,
WK,fig12_energy_tempgnn,fig12_energy_tempgnn,APAN,MATG,8.9571,
MC,fig12_energy_tempgnn,fig12_energy_tempgnn,APAN,MATG,10.5634,
RT,fig12_energy_tempgnn,fig12_energy_tempgnn,APAN,MATG,9.5193,
LM,fig12_energy_tempgnn,fig12_energy_tempgnn,APAN,MATG,9.7603,
WT,fig12_energy_tempgnn,fig12_energy_tempgnn,APAN,MATG,10.3225,
GT,fig12_energy_tempgnn,fig12_energy_tempgnn,APAN,MATG,10.8847,
WK,fig12_energy_tempgnn,fig12_energy_tempgnn,JODIE,ViTeGNN,7.8471,
MC,fig12_energy_tempgnn,fig12_energy_tempgnn,JODIE,ViTeGNN,9.2486,
RT,fig12_energy_tempgnn,fig12_energy_tempgnn,JODIE,ViTeGNN,8.3376,
LM,fig12_energy_tempgnn,fig12_energy_tempgnn,JODIE,ViTeGNN,8.5479,
WT,fig12_energy_tempgnn,fig12_energy_tempgnn,JODIE,ViTeGNN,9.0384,
GT,fig12_energy_tempgnn,fig12_energy_tempgnn,JODIE,ViTeGNN,9.529,
WK,fig12_energy_tempgnn,fig12_energy_tempgnn,TGN,ViTeGNN,8.0836,
MC,fig12_energy_tempgnn,fig12_energy_tempgnn,TGN,ViTeGNN,9.4852,
RT,fig12_energy_tempgnn,fig12_energy_tempgnn,TGN,ViTeGNN,8.5741,
LM,fig12_energy_tempgnn,fig12_energy_tempgnn,TGN,ViTeGNN,8.7844,
WT,fig12_energy_tempgnn,fig12_energy_tempgnn,TGN,ViTeGNN,9.2749,
GT,fig12_energy_tempgnn,fig12_energy_tempgnn,TGN,ViTeGNN,9.7655,
WK,fig12_energy_tempgnn,fig12_energy_tempgnn,TGAT,ViTeGNN,8.2097,
MC,fig12_energy_tempgnn,fig12_energy_tempgnn,TGAT,ViTeGNN,9.6113,
RT,fig12_energy_tempgnn,fig12_energy_tempgnn,TGAT,ViTeGNN,8.7003,
LM,fig12_energy_tempgnn,fig12_energy_tempgnn,TGAT,ViTeGNN,8.9105,
WT,fig12_energy_tempgnn,fig12_energy_tempgnn,TGAT,ViTeGNN,9.4011,
GT,fig12_energy_tempgnn,fig12_energy_tempgnn,TGAT,ViTeGNN,9.8916,
WK,fig12_energy_tempgnn,fig12_energy_tempgnn,APAN,ViTeGNN,7.8155,
MC,fig12_energy_tempgnn,fig12_energy_tempgnn,APAN,ViTeGNN,9.2171,
RT,fig12_energy_tempgnn,fig12_energy_tempgnn,APAN,ViTeGNN,8.3061,
LM,fig12_energy_tempgnn,fig12_energy_tempgnn,APAN,ViTeGNN,8.5163,
WT,fig12_energy_tempgnn,fig12_energy_tempgnn,APAN,ViTeGNN,9.0069,
GT,fig12_energy_tempgnn,fig12_energy_tempgnn,APAN,ViTeGNN,9.4974,
WK,fig12_energy_tempgnn,fig12_energy_tempgnn,JODIE,RTGA,5.731,
MC,fig12_energy_tempgnn,fig12_energy_tempgnn,JODIE,RTGA,6.7546,
RT,fig12_energy_tempgnn,fig12_energy_tempgnn,JODIE,RTGA,6.0893,
LM,fig12_energy_tempgnn,fig12_energy_tempgnn,JODIE,RTGA,6.2428,
WT,fig12_energy_tempgnn,fig12_energy_tempgnn,JODIE,RTGA,6.6011,
GT,fig12_energy_tempgnn,fig12_energy_tempgnn,JODIE,RTGA,6.9594,
WK,fig12_energy_tempgnn,fig12_energy_tempgnn,TGN,RTGA,5.9037,
MC,fig12_energy_tempgnn,fig12_energy_tempgnn,TGN,RTGA,6.9274,
RT,fig12_energy_tempgnn,fig12_energy_tempgnn,TGN,RTGA,6.262,
LM,fig12_energy_tempgnn,fig12_energy_tempgnn,TGN,RTGA,6.4156,
WT,fig12_energy_tempgnn,fig12_energy_tempgnn,TGN,RTGA,6.7738,
GT,fig12_energy_tempgnn,fig12_energy_tempgnn,TGN,RTGA,7.1321,
WK,fig12_energy_tempgnn,fig12_energy_tempgnn,TGAT,RTGA,5.9959,
MC,fig12_energy_tempgnn,fig12_energy_tempgnn,TGAT,RTGA,7.0195,
RT,fig12_energy_tempgnn,fig12_energy_tempgnn,TGAT,RTGA,6.3541,
LM,fig12_energy_tempgnn,fig12_energy_tempgnn,TGAT,RTGA,6.5077,
WT,fig12_energy_tempgnn,fig12_energy_tempgnn,TGAT,RTGA,6.8659,
GT,fig12_energy_tempgnn,fig12_energy_tempgnn,TGAT,RTGA,7.2242,
WK,fig12_energy_tempgnn,fig12_energy_tempgnn,APAN,RTGA,5.708,
MC,fig12_energy_tempgnn,fig12_energy_tempgnn,APAN,RTGA,6.7316,
RT,fig12_energy_tempgnn,fig12_energy_tempgnn,APAN,RTGA,6.0662,
LM,fig12_energy_tempgnn,fig12_energy_tempgnn,APAN,RTGA,6.2198,
WT,fig12_energy_tempgnn,fig12_energy_tempgnn,APAN,RTGA,6.5781,
GT,fig12_energy_tempgnn,fig12_energy_tempgnn,APAN,RTGA,6.9363,
WK,fig12_energy_tempgnn,fig12_energy_tempgnn,JODIE,TempGNN,1.0,
MC,fig12_energy_tempgnn,fig12_energy_tempgnn,JODIE,TempGNN,1.0,
RT,fig12_energy_tempgnn,fig12_energy_tempgnn,JODIE,TempGNN,1.0,
LM,fig12_energy_tempgnn,fig12_energy_tempgnn,JODIE,TempGNN,1.0,
WT,fig12_energy_tempgnn,fig12_energy_tempgnn,JODIE,TempGNN,1.0,
GT,fig12_energy_tempgnn,fig12_energy_tempgnn,JODIE,TempGNN,1.0,
WK,fig12_energy_tempgnn,fig12_energy_tempgnn,TGN,TempGNN,1.0,
MC,fig12_energy_tempgnn,fig12_energy_tempgnn,TGN,TempGNN,1.0,
RT,fig12_energy_tempgnn,fig12_energy_tempgnn,TGN,TempGNN,1.0,
LM,fig12_energy_tempgnn,fig12_energy_tempgnn,TGN,TempGNN,1.0,
WT,fig12_energy_tempgnn,fig12_energy_tempgnn,TGN,TempGNN,1.0,
GT,fig12_energy_tempgnn,fig12_energy_tempgnn,TGN,TempGNN,1.0,
WK,fig12_energy_tempgnn,fig12_energy_tempgnn,TGAT,TempGNN,1.0,
MC,fig12_energy_tempgnn,fig12_energy_tempgnn,TGAT,TempGNN,1.0,
RT,fig12_energy_tempgnn,fig12_energy_tempgnn,TGAT,TempGNN,1.0,
LM,fig12_energy_tempgnn,fig12_energy_tempgnn,TGAT,TempGNN,1.0,
WT,fig12_energy_tempgnn,fig12_energy_tempgnn,TGAT,TempGNN,1.0,
GT,fig12_energy_tempgnn,fig12_energy_tempgnn,TGAT,TempGNN,1.0,
WK,fig12_energy_tempgnn,fig12_energy_tempgnn,APAN,TempGNN,1.0,
MC,fig12_energy_tempgnn,fig12_energy_tempgnn,APAN,TempGNN,1.0,
RT,fig12_energy_tempgnn,fig12_energy_tempgnn,APAN,TempGNN,1.0,
LM,fig12_energy_tempgnn,fig12_energy_tempgnn,APAN,TempGNN,1.0,
WT,fig12_energy_tempgnn,fig12_energy_tempgnn,APAN,TempGNN,1.0,
GT,fig12_energy_tempgnn,fig12_energy_tempgnn,APAN,TempGNN,1.0,
AVG,fig12_energy_tempgnn,fig12_energy_tempgnn,AVG,TGLite-CPU,168.2,
AVG,fig12_energy_tempgnn,fig12_energy_tempgnn,AVG,Cascade,33.5,
AVG,fig12_energy_tempgnn,fig12_energy_tempgnn,AVG,MATG,10.2,
AVG,fig12_energy_tempgnn,fig12_energy_tempgnn,AVG,ViTeGNN,8.9,
AVG,fig12_energy_tempgnn,fig12_energy_tempgnn,AVG,RTGA,6.5,
AVG,fig12_energy_tempgnn,fig12_energy_tempgnn,AVG,TempGNN,1.0,
WK,fig13_ablation_time,fig13_ablation_time,JODIE,TempGNN,1.0,
WK,fig13_ablation_time,fig13_ablation_time,JODIE,WO/DDTC,2.7102,
WK,fig13_ablation_time,fig13_ablation_time,JODIE,WO/OATS,1.5194,
MC,fig13_ablation_time,fig13_ablation_time,JODIE,TempGNN,1.0,
MC,fig13_ablation_time,fig13_ablation_time,JODIE,WO/DDTC,3.1952,
MC,fig13_ablation_time,fig13_ablation_time,JODIE,WO/OATS,1.8665,
RT,fig13_ablation_time,fig13_ablation_time,JODIE,TempGNN,1.0,
RT,fig13_ablation_time,fig13_ablation_time,JODIE,WO/DDTC,2.8799,
RT,fig13_ablation_time,fig13_ablation_time,JODIE,WO/OATS,1.6409,
LM,fig13_ablation_time,fig13_ablation_time,JODIE,TempGNN,1.0,
LM,fig13_ablation_time,fig13_ablation_time,JODIE,WO/DDTC,2.9527,
LM,fig13_ablation_time,fig13_ablation_time,JODIE,WO/OATS,1.693,
WT,fig13_ablation_time,fig13_ablation_time,JODIE,TempGNN,1.0,
WT,fig13_ablation_time,fig13_ablation_time,JODIE,WO/DDTC,3.1224,
WT,fig13_ablation_time,fig13_ablation_time,JODIE,WO/OATS,1.8144,
GT,fig13_ablation_time,fig13_ablation_time,JODIE,TempGNN,1.0,
GT,fig13_ablation_time,fig13_ablation_time,JODIE,WO/DDTC,3.2922,
GT,fig13_ablation_time,fig13_ablation_time,JODIE,WO/OATS,1.9359,
WK,fig13_ablation_time,fig13_ablation_time,TGN,TempGNN,1.0,
WK,fig13_ablation_time,fig13_ablation_time,TGN,WO/DDTC,2.8011,
WK,fig13_ablation_time,fig13_ablation_time,TGN,WO/OATS,1.5611,
MC,fig13_ablation_time,fig13_ablation_time,TGN,TempGNN,1.0,
MC,fig13_ablation_time,fig13_ablation_time,TGN,WO/DDTC,3.2861,
MC,fig13_ablation_time,fig13_ablation_time,TGN,WO/OATS,1.9081,
RT,fig13_ablation_time,fig13_ablation_time,TGN,TempGNN,1.0,
RT,fig13_ablation_time,fig13_ablation_time,TGN,WO/DDTC,2.9709,
RT,fig13_ablation_time,fig13_ablation_time,TGN,WO/OATS,1.6825,
LM,fig13_ablation_time,fig13_ablation_time,TGN,TempGNN,1.0,
LM,fig13_ablation_time,fig13_ablation_time,TGN,WO/DDTC,3.0436,
LM,fig13_ablation_time,fig13_ablation_time,TGN,WO/OATS,1.7346,
WT,fig13_ablation_time,fig13_ablation_time,TGN,TempGNN,1.0,
WT,fig13_ablation_time,fig13_ablation_time,TGN,WO/DDTC,3.2134,
WT,fig13_ablation_time,fig13_ablation_time,TGN,WO/OATS,1.8561,
GT,fig13_ablation_time,fig13_ablation_time,TGN,TempGNN,1.0,
GT,fig13_ablation_time,fig13_ablation_time,TGN,WO/DDTC,3.3831,
GT,fig13_ablation_time,fig13_ablation_time,TGN,WO/OATS,1.9775,
WK,fig13_ablation_time,fig13_ablation_time,TGAT,TempGNN,1.0,
WK,fig13_ablation_time,fig13_ablation_time,TGAT,WO/DDTC,2.8496,
WK,fig13_ablation_time,fig13_ablation_time,TGAT,WO/OATS,1.5833,
MC,fig13_ablation_time,fig13_ablation_time,TGAT,TempGNN,1.0,
MC,fig13_ablation_time,fig13_ablation_time,TGAT,WO/DDTC,3.3346,
MC,fig13_ablation_time,fig13_ablation_time,TGAT,WO/OATS,1.9303,
RT,fig13_ablation_time,fig13_ablation_time,TGAT,TempGNN,1.0,
RT,fig13_ablation_time,fig13_ablation_time,TGAT,WO/DDTC,3.0194,
RT,fig13_ablation_time,fig13_ablation_time,TGAT,WO/OATS,1.7048,
LM,fig13_ablation_time,fig13_ablation_time,TGAT,TempGNN,1.0,
LM,fig13_ablation_time,fig13_ablation_time,TGAT,WO/DDTC,3.0921,
LM,fig13_ablation_time,fig13_ablation_time,TGAT,WO/OATS,1.7568,
WT,fig13_ablation_time,fig13_ablation_time,TGAT,TempGNN,1.0,
WT,fig13_ablation_time,fig13_ablation_time,TGAT,WO/DDTC,3.2619,
WT,fig13_ablation_time,fig13_ablation_time,TGAT,WO/OATS,1.8783,
GT,fig13_ablation_time,fig13_ablation_time,TGAT,TempGNN,1.0,
GT,fig13_ablation_time,fig13_ablation_time,TGAT,WO/DDTC,3.4317,
GT,fig13_ablation_time,fig13_ablation_time,TGAT,WO/OATS,1.9998,
WK,fig13_ablation_time,fig13_ablation_time,APAN,TempGNN,1.0,
WK,fig13_ablation_time,fig13_ablation_time,APAN,WO/DDTC,2.698,
WK,fig13_ablation_time,fig13_ablation_time,APAN,WO/OATS,1.5139,
MC,fig13_ablation_time,fig13_ablation_time,APAN,TempGNN,1.0,
MC,fig13_ablation_time,fig13_ablation_time,APAN,WO/DDTC,3.1831,
MC,fig13_ablation_time,fig13_ablation_time,APAN,WO/OATS,1.8609,
RT,fig13_ablation_time,fig13_ablation_time,APAN,TempGNN,1.0,
RT,fig13_ablation_time,fig13_ablation_time,APAN,WO/DDTC,2.8678,
RT,fig13_ablation_time,fig13_ablation_time,APAN,WO/OATS,1.6353,
LM,fig13_ablation_time,fig13_ablation_time,APAN,TempGNN,1.0,
LM,fig13_ablation_time,fig13_ablation_time,APAN,WO/DDTC,2.9406,
LM,fig13_ablation_time,fig13_ablation_time,APAN,WO/OATS,1.6874,
WT,fig13_ablation_time,fig13_ablation_time,APAN,TempGNN,1.0,
WT,fig13_ablation_time,fig13_ablation_time,APAN,WO/DDTC,3.1103,
WT,fig13_ablation_time,fig13_ablation_time,APAN,WO/OATS,1.8089,
GT,fig13_ablation_time,fig13_ablation_time,APAN,TempGNN,1.0,
GT,fig13_ablation_time,fig13_ablation_time,APAN,WO/DDTC,3.2801,
GT,fig13_ablation_time,fig13_ablation_time,APAN,WO/OATS,1.9303,
AVG,fig13_ablation_time,fig13_ablation_time,AVG,TempGNN,1.0,
AVG,fig13_ablation_time,fig13_ablation_time,AVG,WO/DDTC,3.08,
AVG,fig13_ablation_time,fig13_ablation_time,AVG,WO/OATS,1.77,
AVG,fig14a_batch_sensitivity,fig14a_batch_sensitivity,ALL,TempGNN,0.58,400
AVG,fig14a_batch_sensitivity,fig14a_batch_sensitivity,ALL,TempGNN,0.74,600
AVG,fig14a_batch_sensitivity,fig14a_batch_sensitivity,ALL,TempGNN,0.9,800
AVG,fig14a_batch_sensitivity,fig14a_batch_sensitivity,ALL,TempGNN,1.0,1000
AVG,fig14a_batch_sensitivity,fig14a_batch_sensitivity,ALL,TempGNN,1.02,1200
WK,fig14b_tdp_entries,fig14b_tdp_entries,ALL,TempGNN,0.95,2
WK,fig14b_tdp_entries,fig14b_tdp_entries,ALL,TempGNN,1.634,4
WK,fig14b_tdp_entries,fig14b_tdp_entries,ALL,TempGNN,2.071,6
WK,fig14b_tdp_entries,fig14b_tdp_entries,ALL,TempGNN,2.432,8
WK,fig14b_tdp_entries,fig14b_tdp_entries,ALL,TempGNN,3.059,16
WK,fig14b_tdp_entries,fig14b_tdp_entries,ALL,TempGNN,3.116,32
WK,fig14b_tdp_entries,fig14b_tdp_entries,ALL,TempGNN,3.135,64
MC,fig14b_tdp_entries,fig14b_tdp_entries,ALL,TempGNN,1.05,2
MC,fig14b_tdp_entries,fig14b_tdp_entries,ALL,TempGNN,1.806,4
MC,fig14b_tdp_entries,fig14b_tdp_entries,ALL,TempGNN,2.289,6
MC,fig14b_tdp_entries,fig14b_tdp_entries,ALL,TempGNN,2.688,8
MC,fig14b_tdp_entries,fig14b_tdp_entries,ALL,TempGNN,3.381,16
MC,fig14b_tdp_entries,fig14b_tdp_entries,ALL,TempGNN,3.444,32
MC,fig14b_tdp_entries,fig14b_tdp_entries,ALL,TempGNN,3.465,64
RT,fig14b_tdp_entries,fig14b_tdp_entries,ALL,TempGNN,0.98,2
RT,fig14b_tdp_entries,fig14b_tdp_entries,ALL,TempGNN,1.6856,4
RT,fig14b_tdp_entries,fig14b_tdp_entries,ALL,TempGNN,2.1364,6
RT,fig14b_tdp_entries,fig14b_tdp_entries,ALL,TempGNN,2.5088,8
RT,fig14b_tdp_entries,fig14b_tdp_entries,ALL,TempGNN,3.1556,16
RT,fig14b_tdp_entries,fig14b_tdp_entries,ALL,TempGNN,3.2144,32
RT,fig14b_tdp_entries,fig14b_tdp_entries,ALL,TempGNN,3.234,64
LM,fig14b_tdp_entries,fig14b_tdp_entries,ALL,TempGNN,0.92,2
LM,fig14b_tdp_entries,fig14b_tdp_entries,ALL,TempGNN,1.5824,4
LM,fig14b_tdp_entries,fig14b_tdp_entries,ALL,TempGNN,2.0056,6
LM,fig14b_tdp_entries,fig14b_tdp_entries,ALL,TempGNN,2.3552,8
LM,fig14b_tdp_entries,fig14b_tdp_entries,ALL,TempGNN,2.9624,16
LM,fig14b_tdp_entries,fig14b_tdp_entries,ALL,TempGNN,3.0176,32
LM,fig14b_tdp_entries,fig14b_tdp_entries,ALL,TempGNN,3.036,64
WT,fig14b_tdp_entries,fig14b_tdp_entries,ALL,TempGNN,1.08,2
WT,fig14b_tdp_entries,fig14b_tdp_entries,ALL,TempGNN,1.8576,4
WT,fig14b_tdp_entries,fig14b_tdp_entries,ALL,TempGNN,2.3544,6
WT,fig14b_tdp_entries,fig14b_tdp_entries,ALL,TempGNN,2.7648,8
WT,fig14b_tdp_entries,fig14b_tdp_entries,ALL,TempGNN,3.4776,16
WT,fig14b_tdp_entries,fig14b_tdp_entries,ALL,TempGNN,3.5424,32
WT,fig14b_tdp_entries,fig14b_tdp_entries,ALL,TempGNN,3.564,64
GT,fig14b_tdp_entries,fig14b_tdp_entries,ALL,TempGNN,1.02,2
GT,fig14b_tdp_entries,fig14b_tdp_entries,ALL,TempGNN,1.7544,4
GT,fig14b_tdp_entries,fig14b_tdp_entries,ALL,TempGNN,2.2236,6
GT,fig14b_tdp_entries,fig14b_tdp_entries,ALL,TempGNN,2.6112,8
GT,fig14b_tdp_entries,fig14b_tdp_entries,ALL,TempGNN,3.2844,16
GT,fig14b_tdp_entries,fig14b_tdp_entries,ALL,TempGNN,3.3456,32
GT,fig14b_tdp_entries,fig14b_tdp_entries,ALL,TempGNN,3.366,64
