dataset,model,solution,repetition,batch_size,latency_ms,power_w,energy_mj,frequency_mhz,requested_frequency_mhz,xclbin_link_requested_frequency_mhz,post_route_kernel_frequency_mhz,post_route_wns_ns,post_route_tns_ns,timing_met,power_samples,power_min_w,power_max_w,kernel_iterations,kernel_checksum,embedding_checksum,warmup_kernel_checksum,warmup_embedding_checksum,repeat_consistency,expected_kernel_checksum,expected_embedding_checksum,golden_validation,golden_embedding_sha256,golden_stats_sha256,xclbin_sha256,host_sha256,fixture_metadata_sha256,fixture_input_kind,fixture_input_sha256,fixture_source_url,measurement_utc
WK,JODIE,MATG,1,1000,2.458110642,21.931368,53.909729824,225.000,225.000,225.000,225.000,0.016000,0.000000,PASS,13,21.918820,21.947347,1214,14342123864124776473,11685956906968855993,14342123864124776473,11685956906968855993,PASS,14342123864124776473,11685956906968855993,PASS,42dba814c1d7fc12e4ceaa42acd68f9fdc039abf980e1a9287e1e08f00cf6b77,ae543ad24383a365d061161326532b6c95cb038edef9bf7913a7f0996182105a,d2e16a2421296e4493060cc0eed04bbe84c2c14a5f45a13f0fb4ee9f4b027bca,26518c1aa23ca77c2bbd998da79f3a6d11fc17e3b9d567869858112dfc639e17,0c8428548b837510dd22678acbb0fea9227bbd6a8e1ea91aa0556a043fa16d20,real_dataset_prefix,4a4932f9caf75adb07fb87d898a636dba574acc035b9bed26ad7afefc34f7677,https://s3.us-west-2.amazonaws.com/dgl-data/dataset/tgl/WIKI/edges.csv,2026-07-15T05:25:16.180436+00:00
WK,TGN,MATG,1,1000,10.280788815,22.027709,226.462223453,225.000,225.000,225.000,225.000,0.016000,0.000000,PASS,12,21.817410,22.304759,292,6927012003806483508,886996669630824533,6927012003806483508,886996669630824533,PASS,6927012003806483508,886996669630824533,PASS,98f8a63b5e616a3443e22e601cef13d8eda2e3b385a774314e4cc64327ad46f3,ce6f15afa670320ab1f4f9b878e9b7ace383e084d1eec2fe4854306067d9c4a6,d2e16a2421296e4493060cc0eed04bbe84c2c14a5f45a13f0fb4ee9f4b027bca,26518c1aa23ca77c2bbd998da79f3a6d11fc17e3b9d567869858112dfc639e17,a3974e4f90e15b7c17769a1f76774947c8613358b8bbcaaa57fa4191979fbdee,real_dataset_prefix,4a4932f9caf75adb07fb87d898a636dba574acc035b9bed26ad7afefc34f7677,https://s3.us-west-2.amazonaws.com/dgl-data/dataset/tgl/WIKI/edges.csv,2026-07-15T05:25:20.060295+00:00
WK,TGAT,MATG,1,1000,10.315388570,21.910532,226.015654538,225.000,225.000,225.000,225.000,0.016000,0.000000,PASS,13,21.872265,21.934809,291,15542505326335468785,772640964479544102,15542505326335468785,772640964479544102,PASS,15542505326335468785,772640964479544102,PASS,c5de0a6209565d9088ccfd498ccc17ddbe9c16485f863c3f6790939c4cdb50a3,b79413ed04f884db9bad95ac736d8b1e9931b7b4613ad7626de830f16129aec6,d2e16a2421296e4493060cc0eed04bbe84c2c14a5f45a13f0fb4ee9f4b027bca,26518c1aa23ca77c2bbd998da79f3a6d11fc17e3b9d567869858112dfc639e17,d559ffbbab713d8f05ea4ce84f42514d74b4e0d611c1fdf6aa241e809d097818,real_dataset_prefix,4a4932f9caf75adb07fb87d898a636dba574acc035b9bed26ad7afefc34f7677,https://s3.us-west-2.amazonaws.com/dgl-data/dataset/tgl/WIKI/edges.csv,2026-07-15T05:25:24.123326+00:00
WK,APAN,MATG,1,1000,8.263310091,21.941856,181.312357338,225.000,225.000,225.000,225.000,0.016000,0.000000,PASS,12,21.736524,22.036008,364,11646014753318196976,7658657024512692918,11646014753318196976,7658657024512692918,PASS,11646014753318196976,7658657024512692918,PASS,c88eed926c63c48611ad7444e0c828d55bbd39df6cf0a6f7f7d0d03313f0d659,7606ff51e6d13bf3609096d07258615172e8dfffe8ee03a6c6e40cea5df483c0,d2e16a2421296e4493060cc0eed04bbe84c2c14a5f45a13f0fb4ee9f4b027bca,26518c1aa23ca77c2bbd998da79f3a6d11fc17e3b9d567869858112dfc639e17,96a395643827988f311a3063d784e9fc0280d9e0d51f436ac334e067def50b65,real_dataset_prefix,4a4932f9caf75adb07fb87d898a636dba574acc035b9bed26ad7afefc34f7677,https://s3.us-west-2.amazonaws.com/dgl-data/dataset/tgl/WIKI/edges.csv,2026-07-15T05:25:28.007280+00:00
MC,JODIE,MATG,1,1000,2.459009731,22.052785,54.228013280,225.000,225.000,225.000,225.000,0.016000,0.000000,PASS,13,21.932155,22.225685,1210,3228938600554628363,17130813081907980252,3228938600554628363,17130813081907980252,PASS,3228938600554628363,17130813081907980252,PASS,64254fee33068817091ad7f3617962dcd4094535707eba563ed1b1a424814659,133d35c1ac7a7fa0018ca53d3c565cf68f92e4553518943fac1d6d9dad050554,d2e16a2421296e4493060cc0eed04bbe84c2c14a5f45a13f0fb4ee9f4b027bca,26518c1aa23ca77c2bbd998da79f3a6d11fc17e3b9d567869858112dfc639e17,102ef3373f4b7ddedc038ddc25e53a383131aecc8073af7bfe747287b1ad6dc9,real_dataset_prefix,8ecd975a6c4bd9fc8275f87397b3ae6a07aee581a95d67099bea6a026b3352ef,https://s3.us-west-2.amazonaws.com/dgl-data/dataset/tgl/MOOC/edges.csv,2026-07-15T05:25:31.809305+00:00
MC,TGN,MATG,1,1000,18.121816578,21.862768,396.193070196,225.000,225.000,225.000,225.000,0.016000,0.000000,PASS,13,21.768016,21.939831,166,8001003373990785372,1383169292214147819,8001003373990785372,1383169292214147819,PASS,8001003373990785372,1383169292214147819,PASS,8d0388f880becd06f8c1d8ba1a4a4d30641526dad6945053b72137071a4b97e0,5282715f2f8f8090ba8dc7d3871519349055519dfd6bd504f13edd06f50bb21c,d2e16a2421296e4493060cc0eed04bbe84c2c14a5f45a13f0fb4ee9f4b027bca,26518c1aa23ca77c2bbd998da79f3a6d11fc17e3b9d567869858112dfc639e17,2e08222ef0f17fa79b704b3a472f7d7e359b2180cfe35ccfb5e019312de0e839,real_dataset_prefix,8ecd975a6c4bd9fc8275f87397b3ae6a07aee581a95d67099bea6a026b3352ef,https://s3.us-west-2.amazonaws.com/dgl-data/dataset/tgl/MOOC/edges.csv,2026-07-15T05:25:35.899798+00:00
MC,TGAT,MATG,1,1000,18.137591765,21.946616,398.058756053,225.000,225.000,225.000,225.000,0.016000,0.000000,PASS,13,21.917518,21.985287,166,13474957352735775044,9569660635685781391,13474957352735775044,9569660635685781391,PASS,13474957352735775044,9569660635685781391,PASS,7869855d5af3fc31682437d3ab42ce0d7514d117e260d31cee5736aed62d7cc6,dec67115f3ee04ab637d18831175994e57828560112090255fde0190be03d3ea,d2e16a2421296e4493060cc0eed04bbe84c2c14a5f45a13f0fb4ee9f4b027bca,26518c1aa23ca77c2bbd998da79f3a6d11fc17e3b9d567869858112dfc639e17,357557f372c0705bcabbce4219a9b93d69bb5c921c602eeec0b5e37c22ab876a,real_dataset_prefix,8ecd975a6c4bd9fc8275f87397b3ae6a07aee581a95d67099bea6a026b3352ef,https://s3.us-west-2.amazonaws.com/dgl-data/dataset/tgl/MOOC/edges.csv,2026-07-15T05:25:39.931379+00:00
MC,APAN,MATG,1,1000,15.736591864,22.074438,347.376415378,225.000,225.000,225.000,225.000,0.016000,0.000000,PASS,13,21.855758,22.244366,191,10939649201582415015,6954362157089094686,10939649201582415015,6954362157089094686,PASS,10939649201582415015,6954362157089094686,PASS,03ae5e0ab43d3d8f785d20e6fbbe4d6422db7b3a9178c8f07755abce6e8d4c90,44942bb59de788503fb566db757ec9eeec5baa13faabf89b8704fa7bab7add8e,d2e16a2421296e4493060cc0eed04bbe84c2c14a5f45a13f0fb4ee9f4b027bca,26518c1aa23ca77c2bbd998da79f3a6d11fc17e3b9d567869858112dfc639e17,29772016b039293630bbe2680d5a58df6af2373eb7f7b31fd8fa07b0949acc99,real_dataset_prefix,8ecd975a6c4bd9fc8275f87397b3ae6a07aee581a95d67099bea6a026b3352ef,https://s3.us-west-2.amazonaws.com/dgl-data/dataset/tgl/MOOC/edges.csv,2026-07-15T05:25:44.007568+00:00
RT,JODIE,MATG,1,1000,2.450239812,21.909949,53.684628937,225.000,225.000,225.000,225.000,0.016000,0.000000,PASS,13,21.767640,22.001917,1222,12964106430016231542,3058656277721075607,12964106430016231542,3058656277721075607,PASS,12964106430016231542,3058656277721075607,PASS,639c87b41d58f0ccd1d5bd469efab9f3b99d9f839204075ceed3ba829855cfa3,a294ef9837948cd4fbd04befb5311124deb4eddd17ab62979f6cebd87249507b,d2e16a2421296e4493060cc0eed04bbe84c2c14a5f45a13f0fb4ee9f4b027bca,26518c1aa23ca77c2bbd998da79f3a6d11fc17e3b9d567869858112dfc639e17,b67a7da1376ccce11f1d2ed99bd254e08c78fffc006f9ae364d521d367f6a30a,real_dataset_prefix,57635c30b7de6fe322e9ac47135a6a7323d9e95de339ce4c294a28035c962981,https://s3.us-west-2.amazonaws.com/dgl-data/dataset/tgl/REDDIT/edges.csv,2026-07-15T05:25:47.976290+00:00
RT,TGN,MATG,1,1000,10.814368691,21.970203,237.593879609,225.000,225.000,225.000,225.000,0.016000,0.000000,PASS,13,21.858438,22.008162,278,5297525064170809890,6923704309149909741,5297525064170809890,6923704309149909741,PASS,5297525064170809890,6923704309149909741,PASS,4374e2c9a9b76a39b0af0602075bdc70fe1e619fb2091b47be5fcd23b6921146,940cf8d8da21929e9db87c3547a6058442cf476998ee322875762295bd9aef18,d2e16a2421296e4493060cc0eed04bbe84c2c14a5f45a13f0fb4ee9f4b027bca,26518c1aa23ca77c2bbd998da79f3a6d11fc17e3b9d567869858112dfc639e17,7a2c195151ec620bc764e9c7e76928ca23f9719f32fa842a053897c3f3dc6ce3,real_dataset_prefix,57635c30b7de6fe322e9ac47135a6a7323d9e95de339ce4c294a28035c962981,https://s3.us-west-2.amazonaws.com/dgl-data/dataset/tgl/REDDIT/edges.csv,2026-07-15T05:25:51.740705+00:00
RT,TGAT,MATG,1,1000,10.835259144,21.998002,238.354051496,225.000,225.000,225.000,225.000,0.016000,0.000000,PASS,13,21.968058,22.018695,277,11688720575031506609,4455716370235314060,11688720575031506609,4455716370235314060,PASS,11688720575031506609,4455716370235314060,PASS,8bbf2a84ab067fe9f470c02ca415650de059a68c6c87b0d48201d80ca5819d90,6ef1913d5311f8b61256d72192ff38d71190e6bf8a69d4756fb855205b836736,d2e16a2421296e4493060cc0eed04bbe84c2c14a5f45a13f0fb4ee9f4b027bca,26518c1aa23ca77c2bbd998da79f3a6d11fc17e3b9d567869858112dfc639e17,1bf0174340342b586a4edf2123a3234eaa1b6f3afe594aad9ede419d7ee41095,real_dataset_prefix,57635c30b7de6fe322e9ac47135a6a7323d9e95de339ce4c294a28035c962981,https://s3.us-west-2.amazonaws.com/dgl-data/dataset/tgl/REDDIT/edges.csv,2026-07-15T05:25:55.438941+00:00
RT,APAN,MATG,1,1000,8.892018115,21.986800,195.507025951,225.000,225.000,225.000,225.000,0.016000,0.000000,PASS,13,21.948876,22.034403,338,3916284141014147805,9935716711691454465,3916284141014147805,9935716711691454465,PASS,3916284141014147805,9935716711691454465,PASS,98cb56f8c256b18971369ff26b8de45e0dffcaa29c95f9d67379585ab6e4c69f,0ba2c304123b5f5269684cc12d80c23f17ee30507bebfdb9fe88a71bcea384ea,d2e16a2421296e4493060cc0eed04bbe84c2c14a5f45a13f0fb4ee9f4b027bca,26518c1aa23ca77c2bbd998da79f3a6d11fc17e3b9d567869858112dfc639e17,57e6aae169bbc9c2df34e2a9e72e9650850d7865a5cad08886ed1413f77b5d5e,real_dataset_prefix,57635c30b7de6fe322e9ac47135a6a7323d9e95de339ce4c294a28035c962981,https://s3.us-west-2.amazonaws.com/dgl-data/dataset/tgl/REDDIT/edges.csv,2026-07-15T05:25:59.388036+00:00
LM,JODIE,MATG,1,1000,2.459165381,21.952230,53.984162918,225.000,225.000,225.000,225.000,0.016000,0.000000,PASS,13,21.817141,22.149440,1215,17669600223434697934,6971044998931978236,17669600223434697934,6971044998931978236,PASS,17669600223434697934,6971044998931978236,PASS,b66e59e42d07973325569a2863a27c664a0d3d5c6f725626514f743f426fb4b0,b937dfba8d141902de69e2a1731cf3549443e4a311454a0f47f467e4b0302f1e,d2e16a2421296e4493060cc0eed04bbe84c2c14a5f45a13f0fb4ee9f4b027bca,26518c1aa23ca77c2bbd998da79f3a6d11fc17e3b9d567869858112dfc639e17,a8e8ef004a7e1eedb91977252c41f809f1afc25a3a2488c6d67f4c222505d0d9,real_dataset_prefix,fde30777ef2d1ce3253b4f0df6e6fe71baff943886a1a7e0932a9191d24d5bfe,https://s3.us-west-2.amazonaws.com/dgl-data/dataset/tgl/LASTFM/edges.csv,2026-07-15T05:26:03.439700+00:00
LM,TGN,MATG,1,1000,8.138486561,21.957596,178.701603714,225.000,225.000,225.000,225.000,0.016000,0.000000,PASS,13,21.870487,22.113443,369,16733245200779816888,12672975392060059872,16733245200779816888,12672975392060059872,PASS,16733245200779816888,12672975392060059872,PASS,fd525044b3cc58f3a7060796b88e96da92f4f26b04ff511ee439e8603b14fc5a,fdca46b5577423489e49c63795c43c274ed94e756a60533bd821dc353ce8dea4,d2e16a2421296e4493060cc0eed04bbe84c2c14a5f45a13f0fb4ee9f4b027bca,26518c1aa23ca77c2bbd998da79f3a6d11fc17e3b9d567869858112dfc639e17,7c01f34a4587b6ebcccd3bb4bdeae00c38ac2d353f9ee613e1ee830a704e85c3,real_dataset_prefix,fde30777ef2d1ce3253b4f0df6e6fe71baff943886a1a7e0932a9191d24d5bfe,https://s3.us-west-2.amazonaws.com/dgl-data/dataset/tgl/LASTFM/edges.csv,2026-07-15T05:26:07.463538+00:00
LM,TGAT,MATG,1,1000,8.181241204,21.993809,179.936655173,225.000,225.000,225.000,225.000,0.016000,0.000000,PASS,13,21.783223,22.181600,367,7196150456976117372,2146801632257800471,7196150456976117372,2146801632257800471,PASS,7196150456976117372,2146801632257800471,PASS,630394b95ecf768e671ad8fc0a73e274bcfc8efb7ef81b0d839a962bf8a903f1,47a49f3d36c104806107d726a3350cbf234adc7911d896dbb1772fa5b9cc49fb,d2e16a2421296e4493060cc0eed04bbe84c2c14a5f45a13f0fb4ee9f4b027bca,26518c1aa23ca77c2bbd998da79f3a6d11fc17e3b9d567869858112dfc639e17,362644f3b78d0428be3e4dfcd3e7cc9dfcd99159d6abd194dd07e3fd1c84c7f4,real_dataset_prefix,fde30777ef2d1ce3253b4f0df6e6fe71baff943886a1a7e0932a9191d24d5bfe,https://s3.us-west-2.amazonaws.com/dgl-data/dataset/tgl/LASTFM/edges.csv,2026-07-15T05:26:11.515594+00:00
LM,APAN,MATG,1,1000,6.371727611,22.013074,140.261310911,225.000,225.000,225.000,225.000,0.016000,0.000000,PASS,13,21.892435,22.096004,470,15220762254055598230,9641355086256203937,15220762254055598230,9641355086256203937,PASS,15220762254055598230,9641355086256203937,PASS,13a6df48575df52d34e49dfa2b39542762ddeb25102ef07cfa05646b3376b073,a9f80a3773c19a219261ed23a1a66b94555f0ebe48be24e89b5b1d88d914b4dd,d2e16a2421296e4493060cc0eed04bbe84c2c14a5f45a13f0fb4ee9f4b027bca,26518c1aa23ca77c2bbd998da79f3a6d11fc17e3b9d567869858112dfc639e17,8244c2d56d2d971dbdb1810da533eaf9ae4ee6780aedcda82744cae7c45bb6b1,real_dataset_prefix,fde30777ef2d1ce3253b4f0df6e6fe71baff943886a1a7e0932a9191d24d5bfe,https://s3.us-west-2.amazonaws.com/dgl-data/dataset/tgl/LASTFM/edges.csv,2026-07-15T05:26:15.288402+00:00
WT,JODIE,MATG,1,1000,2.459174998,21.974532,54.039218447,225.000,225.000,225.000,225.000,0.016000,0.000000,PASS,12,21.820563,22.045285,1217,6746390139706803953,8543619014782407079,6746390139706803953,8543619014782407079,PASS,6746390139706803953,8543619014782407079,PASS,e18c93279159730990b6e7a3a2f6b163f9f612e5c5898b904e815cd0945a5c46,dae822d22534449885208c0984dcab981805fec26488701d60efd7c7afbd4b32,d2e16a2421296e4493060cc0eed04bbe84c2c14a5f45a13f0fb4ee9f4b027bca,26518c1aa23ca77c2bbd998da79f3a6d11fc17e3b9d567869858112dfc639e17,81b2d9d9a0afc45428a9b4863e8669fdb1f0db20c689ffc2bd019c0ddc5fffed,real_dataset_prefix,cc57219e9d06edb0ecb18987b5b61abd0458fdd907962a45513c59a2bf79a023,https://snap.stanford.edu/data/wiki-talk-temporal.txt.gz,2026-07-15T05:26:19.057983+00:00
WT,TGN,MATG,1,1000,20.656804589,21.950046,453.417817298,225.000,225.000,225.000,225.000,0.016000,0.000000,PASS,13,21.882288,22.037771,146,15158014282410918209,1939733936944186186,15158014282410918209,1939733936944186186,PASS,15158014282410918209,1939733936944186186,PASS,f97939883861cc4ef34b65e04481de96c3fa38737315afd2848f311df9641163,c95767a9bcaa210e0de150a3abde017c3695804be34cdfe3f276b279f194e6d5,d2e16a2421296e4493060cc0eed04bbe84c2c14a5f45a13f0fb4ee9f4b027bca,26518c1aa23ca77c2bbd998da79f3a6d11fc17e3b9d567869858112dfc639e17,d293956bc5f7a865e57b5a110535455c7901f989d289c884b73d463d496193ec,real_dataset_prefix,cc57219e9d06edb0ecb18987b5b61abd0458fdd907962a45513c59a2bf79a023,https://snap.stanford.edu/data/wiki-talk-temporal.txt.gz,2026-07-15T05:26:23.111705+00:00
WT,TGAT,MATG,1,1000,20.682695781,21.907116,453.098218845,225.000,225.000,225.000,225.000,0.016000,0.000000,PASS,13,21.858670,21.963355,146,10782488122089790768,16286753608057899900,10782488122089790768,16286753608057899900,PASS,10782488122089790768,16286753608057899900,PASS,93ede2b61d4d925dfc65f55969435f7ddeb6d59d3a5ef6faf4eff5bc3be9a358,57cdd6d57c0037331a1ae7af0d0444a5f33f9d7ff6d0d2c8f6c31a59544eb766,d2e16a2421296e4493060cc0eed04bbe84c2c14a5f45a13f0fb4ee9f4b027bca,26518c1aa23ca77c2bbd998da79f3a6d11fc17e3b9d567869858112dfc639e17,2c29dae51cd5a5196750571adecdd846df5cb2a1f15b2d3703d4d770625191e7,real_dataset_prefix,cc57219e9d06edb0ecb18987b5b61abd0458fdd907962a45513c59a2bf79a023,https://snap.stanford.edu/data/wiki-talk-temporal.txt.gz,2026-07-15T05:26:27.163228+00:00
WT,APAN,MATG,1,1000,19.694650771,21.961660,432.527233146,225.000,225.000,225.000,225.000,0.016000,0.000000,PASS,13,21.853857,22.113834,153,13440257121718274588,6955648188247348273,13440257121718274588,6955648188247348273,PASS,13440257121718274588,6955648188247348273,PASS,4167b435455bf792f29651d5665006424b06dc902bd7ddfd26b866bc9abaeec7,c09e02b05103e8e15587461ffa85f17f23cde73d2e152abff2d07b9166708d38,d2e16a2421296e4493060cc0eed04bbe84c2c14a5f45a13f0fb4ee9f4b027bca,26518c1aa23ca77c2bbd998da79f3a6d11fc17e3b9d567869858112dfc639e17,62adb30b5a4183dbc56ce3cfda739d8da81393a3881b11c2b05abdde65c7ffaa,real_dataset_prefix,cc57219e9d06edb0ecb18987b5b61abd0458fdd907962a45513c59a2bf79a023,https://snap.stanford.edu/data/wiki-talk-temporal.txt.gz,2026-07-15T05:26:31.239196+00:00
GT,JODIE,MATG,1,1000,2.459054509,21.933824,53.936468420,225.000,225.000,225.000,225.000,0.016000,0.000000,PASS,13,21.847479,22.060830,1217,6742095802491733272,501044119211179852,6742095802491733272,501044119211179852,PASS,6742095802491733272,501044119211179852,PASS,dff64ac51bd0d29d2965d04d0e7bead5b828e00fa3d9d73e61c7062beb76f5d4,912cfc1557370bfa4ca736be254f2ea1ae1bf64673adfd84e1e1636792d26d30,d2e16a2421296e4493060cc0eed04bbe84c2c14a5f45a13f0fb4ee9f4b027bca,26518c1aa23ca77c2bbd998da79f3a6d11fc17e3b9d567869858112dfc639e17,4dcb50c3e5836c7c20f925699795fe7fb2e503d53b54a97201177720d1964a4c,real_dataset_prefix,aa50a9bfcff82ed39fd3158a61670060970a2e0414ee1cd05e876c69d2d25836,https://s3.us-west-2.amazonaws.com/dgl-data/dataset/tgl/GDELT/edges.csv,2026-07-15T05:26:35.315618+00:00
GT,TGN,MATG,1,1000,10.456753969,21.910698,229.114780013,225.000,225.000,225.000,225.000,0.016000,0.000000,PASS,12,21.688002,22.161674,288,17417775941540333305,15632851067043075907,17417775941540333305,15632851067043075907,PASS,17417775941540333305,15632851067043075907,PASS,4c874740febb9bd51f9e2fd45dc60736dce52bac550dad4c2f80aea866ded989,284c76e3511174a0a640d7017af0805371ae7f3fe006550eb10afd55e517ee4e,d2e16a2421296e4493060cc0eed04bbe84c2c14a5f45a13f0fb4ee9f4b027bca,26518c1aa23ca77c2bbd998da79f3a6d11fc17e3b9d567869858112dfc639e17,fc19fd3f9635b3577c53a41a102128681464083fedc3ccb4385ae66dfd89667e,real_dataset_prefix,aa50a9bfcff82ed39fd3158a61670060970a2e0414ee1cd05e876c69d2d25836,https://s3.us-west-2.amazonaws.com/dgl-data/dataset/tgl/GDELT/edges.csv,2026-07-15T05:26:39.183757+00:00
GT,TGAT,MATG,1,1000,10.493622336,21.963211,230.473645549,225.000,225.000,225.000,225.000,0.016000,0.000000,PASS,13,21.906462,22.043754,286,18028734036008430097,17803649297389303969,18028734036008430097,17803649297389303969,PASS,18028734036008430097,17803649297389303969,PASS,bbb8e4ea145bdce47a8c4601b0e034be5b10c317c96a0c99ced1981c12b08536,e142fb1c6e3dc5420e7866d19a2bc6b3ced917958d0928de9f1066b0b256af87,d2e16a2421296e4493060cc0eed04bbe84c2c14a5f45a13f0fb4ee9f4b027bca,26518c1aa23ca77c2bbd998da79f3a6d11fc17e3b9d567869858112dfc639e17,5262569d9be2b9addcc08f873e15e87de900df7c2dd051584082cce28851a189,real_dataset_prefix,aa50a9bfcff82ed39fd3158a61670060970a2e0414ee1cd05e876c69d2d25836,https://s3.us-west-2.amazonaws.com/dgl-data/dataset/tgl/GDELT/edges.csv,2026-07-15T05:26:42.984394+00:00
GT,APAN,MATG,1,1000,8.459905099,22.101022,186.972547400,225.000,225.000,225.000,225.000,0.016000,0.000000,PASS,13,21.861438,22.217591,355,11217057260824820204,8288625440548750435,11217057260824820204,8288625440548750435,PASS,11217057260824820204,8288625440548750435,PASS,04fddfddf73070a6c0ed5aa53ec37008c6719844dee503ed46170979cfdba602,7a5756286ec2904f61d0c49bdb2edf830ade911367591fe00af3a9449e83387a,d2e16a2421296e4493060cc0eed04bbe84c2c14a5f45a13f0fb4ee9f4b027bca,26518c1aa23ca77c2bbd998da79f3a6d11fc17e3b9d567869858112dfc639e17,fcef323b0791af633b83615e559138d0faa376131b1cb7310e0ece7c4112c371,real_dataset_prefix,aa50a9bfcff82ed39fd3158a61670060970a2e0414ee1cd05e876c69d2d25836,https://s3.us-west-2.amazonaws.com/dgl-data/dataset/tgl/GDELT/edges.csv,2026-07-15T05:26:46.828126+00:00
