dataset,model,solution,compute_units,repetition,batch_size,latency_ms,power_w,energy_mj,frequency_mhz,requested_frequency_mhz,xclbin_link_requested_frequency_mhz,post_route_kernel_frequency_mhz,post_route_wns_ns,post_route_tns_ns,timing_met,power_samples,power_min_w,power_max_w,kernel_iterations,kernel_checksum,embedding_checksum,warmup_kernel_checksum,warmup_embedding_checksum,repeat_consistency,expected_kernel_checksum,expected_embedding_checksum,golden_validation,golden_embedding_sha256,golden_stats_sha256,xclbin_sha256,host_sha256,fixture_metadata_sha256,fixture_input_kind,fixture_input_sha256,fixture_source_url,measurement_utc
WK,JODIE,TempGNN,21,1,1000,0.566184853,33.249050,18.825108479,168.000,168.000,168.000,168.000,0.002000,0.000000,PASS,10,33.147186,33.342744,4354,106395429068342820,7263741612376882041,106395429068342820,7263741612376882041,PASS,106395429068342820,7263741612376882041,PASS,6c56f6683c8006202db91f6ca5cfcd970fd5a7617252703e4bb7c082bd14d6b1,d18c98d70606487c3f4aaf0d9153f2901153a646e41ab19d22e7324ddac9d677,05cd2982c744b5a40f3ef547373fe6dada31c5bdb4db2247a04651eea0f8aee2,46f3423e9761374135db528a911252475a6f2a0e3e4dcc332b6a0109c41f80e2,0c8428548b837510dd22678acbb0fea9227bbd6a8e1ea91aa0556a043fa16d20,real_dataset_prefix,4a4932f9caf75adb07fb87d898a636dba574acc035b9bed26ad7afefc34f7677,https://s3.us-west-2.amazonaws.com/dgl-data/dataset/tgl/WIKI/edges.csv,2026-07-17T02:45:57.879239+00:00
WK,JODIE,TempGNN,21,2,1000,0.555500120,33.301130,18.498781478,168.000,168.000,168.000,168.000,0.002000,0.000000,PASS,10,33.163439,33.460781,4354,106395429068342820,7263741612376882041,106395429068342820,7263741612376882041,PASS,106395429068342820,7263741612376882041,PASS,6c56f6683c8006202db91f6ca5cfcd970fd5a7617252703e4bb7c082bd14d6b1,d18c98d70606487c3f4aaf0d9153f2901153a646e41ab19d22e7324ddac9d677,05cd2982c744b5a40f3ef547373fe6dada31c5bdb4db2247a04651eea0f8aee2,46f3423e9761374135db528a911252475a6f2a0e3e4dcc332b6a0109c41f80e2,0c8428548b837510dd22678acbb0fea9227bbd6a8e1ea91aa0556a043fa16d20,real_dataset_prefix,4a4932f9caf75adb07fb87d898a636dba574acc035b9bed26ad7afefc34f7677,https://s3.us-west-2.amazonaws.com/dgl-data/dataset/tgl/WIKI/edges.csv,2026-07-17T02:46:02.035507+00:00
WK,JODIE,TempGNN,21,3,1000,0.558772648,33.240528,18.573898064,168.000,168.000,168.000,168.000,0.002000,0.000000,PASS,10,33.107446,33.353514,4354,106395429068342820,7263741612376882041,106395429068342820,7263741612376882041,PASS,106395429068342820,7263741612376882041,PASS,6c56f6683c8006202db91f6ca5cfcd970fd5a7617252703e4bb7c082bd14d6b1,d18c98d70606487c3f4aaf0d9153f2901153a646e41ab19d22e7324ddac9d677,05cd2982c744b5a40f3ef547373fe6dada31c5bdb4db2247a04651eea0f8aee2,46f3423e9761374135db528a911252475a6f2a0e3e4dcc332b6a0109c41f80e2,0c8428548b837510dd22678acbb0fea9227bbd6a8e1ea91aa0556a043fa16d20,real_dataset_prefix,4a4932f9caf75adb07fb87d898a636dba574acc035b9bed26ad7afefc34f7677,https://s3.us-west-2.amazonaws.com/dgl-data/dataset/tgl/WIKI/edges.csv,2026-07-17T02:46:06.016830+00:00
WK,TGN,TempGNN,21,1,1000,1.407350476,33.226127,46.760805760,168.000,168.000,168.000,168.000,0.002000,0.000000,PASS,13,33.061233,33.442224,2132,18235632551471508463,1910098746010426968,18235632551471508463,1910098746010426968,PASS,18235632551471508463,1910098746010426968,PASS,25dd32d9b93274b8f8f0de264421920a96cb504eb5e7acd3ca0d7e8cabee878d,fafde1c89bb564dedfa49f631df5b4d58bc29d0cae475d19285cada9c5947fae,05cd2982c744b5a40f3ef547373fe6dada31c5bdb4db2247a04651eea0f8aee2,46f3423e9761374135db528a911252475a6f2a0e3e4dcc332b6a0109c41f80e2,a3974e4f90e15b7c17769a1f76774947c8613358b8bbcaaa57fa4191979fbdee,real_dataset_prefix,4a4932f9caf75adb07fb87d898a636dba574acc035b9bed26ad7afefc34f7677,https://s3.us-west-2.amazonaws.com/dgl-data/dataset/tgl/WIKI/edges.csv,2026-07-17T02:46:12.555194+00:00
WK,TGN,TempGNN,21,2,1000,1.390230117,33.594118,46.703554377,168.000,168.000,168.000,168.000,0.002000,0.000000,PASS,13,33.282181,33.740768,2132,18235632551471508463,1910098746010426968,18235632551471508463,1910098746010426968,PASS,18235632551471508463,1910098746010426968,PASS,25dd32d9b93274b8f8f0de264421920a96cb504eb5e7acd3ca0d7e8cabee878d,fafde1c89bb564dedfa49f631df5b4d58bc29d0cae475d19285cada9c5947fae,05cd2982c744b5a40f3ef547373fe6dada31c5bdb4db2247a04651eea0f8aee2,46f3423e9761374135db528a911252475a6f2a0e3e4dcc332b6a0109c41f80e2,a3974e4f90e15b7c17769a1f76774947c8613358b8bbcaaa57fa4191979fbdee,real_dataset_prefix,4a4932f9caf75adb07fb87d898a636dba574acc035b9bed26ad7afefc34f7677,https://s3.us-west-2.amazonaws.com/dgl-data/dataset/tgl/WIKI/edges.csv,2026-07-17T02:46:17.299676+00:00
WK,TGN,TempGNN,21,3,1000,1.403647052,33.205797,46.609218962,168.000,168.000,168.000,168.000,0.002000,0.000000,PASS,13,33.130640,33.270816,2132,18235632551471508463,1910098746010426968,18235632551471508463,1910098746010426968,PASS,18235632551471508463,1910098746010426968,PASS,25dd32d9b93274b8f8f0de264421920a96cb504eb5e7acd3ca0d7e8cabee878d,fafde1c89bb564dedfa49f631df5b4d58bc29d0cae475d19285cada9c5947fae,05cd2982c744b5a40f3ef547373fe6dada31c5bdb4db2247a04651eea0f8aee2,46f3423e9761374135db528a911252475a6f2a0e3e4dcc332b6a0109c41f80e2,a3974e4f90e15b7c17769a1f76774947c8613358b8bbcaaa57fa4191979fbdee,real_dataset_prefix,4a4932f9caf75adb07fb87d898a636dba574acc035b9bed26ad7afefc34f7677,https://s3.us-west-2.amazonaws.com/dgl-data/dataset/tgl/WIKI/edges.csv,2026-07-17T02:46:21.975238+00:00
WK,TGAT,TempGNN,21,1,1000,1.409865780,33.199739,46.807175379,168.000,168.000,168.000,168.000,0.002000,0.000000,PASS,13,32.966288,33.407994,2100,17976678940182548583,12077899213539936392,17976678940182548583,12077899213539936392,PASS,17976678940182548583,12077899213539936392,PASS,20ccafcbe90410cb1b2e1c0aaf05003f03c6e8b49dfb4646298915f2502580d3,210cef154cfd701ece27097145e2bf91f7435018af16bce8b98a2be0e9138683,05cd2982c744b5a40f3ef547373fe6dada31c5bdb4db2247a04651eea0f8aee2,46f3423e9761374135db528a911252475a6f2a0e3e4dcc332b6a0109c41f80e2,d559ffbbab713d8f05ea4ce84f42514d74b4e0d611c1fdf6aa241e809d097818,real_dataset_prefix,4a4932f9caf75adb07fb87d898a636dba574acc035b9bed26ad7afefc34f7677,https://s3.us-west-2.amazonaws.com/dgl-data/dataset/tgl/WIKI/edges.csv,2026-07-17T02:46:28.575412+00:00
WK,TGAT,TempGNN,21,2,1000,1.389001407,33.316195,46.276241836,168.000,168.000,168.000,168.000,0.002000,0.000000,PASS,12,33.098230,33.506077,2100,17976678940182548583,12077899213539936392,17976678940182548583,12077899213539936392,PASS,17976678940182548583,12077899213539936392,PASS,20ccafcbe90410cb1b2e1c0aaf05003f03c6e8b49dfb4646298915f2502580d3,210cef154cfd701ece27097145e2bf91f7435018af16bce8b98a2be0e9138683,05cd2982c744b5a40f3ef547373fe6dada31c5bdb4db2247a04651eea0f8aee2,46f3423e9761374135db528a911252475a6f2a0e3e4dcc332b6a0109c41f80e2,d559ffbbab713d8f05ea4ce84f42514d74b4e0d611c1fdf6aa241e809d097818,real_dataset_prefix,4a4932f9caf75adb07fb87d898a636dba574acc035b9bed26ad7afefc34f7677,https://s3.us-west-2.amazonaws.com/dgl-data/dataset/tgl/WIKI/edges.csv,2026-07-17T02:46:33.044734+00:00
WK,TGAT,TempGNN,21,3,1000,1.428371088,33.423867,47.741685056,168.000,168.000,168.000,168.000,0.002000,0.000000,PASS,13,33.345198,33.494860,2100,17976678940182548583,12077899213539936392,17976678940182548583,12077899213539936392,PASS,17976678940182548583,12077899213539936392,PASS,20ccafcbe90410cb1b2e1c0aaf05003f03c6e8b49dfb4646298915f2502580d3,210cef154cfd701ece27097145e2bf91f7435018af16bce8b98a2be0e9138683,05cd2982c744b5a40f3ef547373fe6dada31c5bdb4db2247a04651eea0f8aee2,46f3423e9761374135db528a911252475a6f2a0e3e4dcc332b6a0109c41f80e2,d559ffbbab713d8f05ea4ce84f42514d74b4e0d611c1fdf6aa241e809d097818,real_dataset_prefix,4a4932f9caf75adb07fb87d898a636dba574acc035b9bed26ad7afefc34f7677,https://s3.us-west-2.amazonaws.com/dgl-data/dataset/tgl/WIKI/edges.csv,2026-07-17T02:46:37.763386+00:00
WK,APAN,TempGNN,21,1,1000,0.943662235,33.264683,31.390625327,168.000,168.000,168.000,168.000,0.002000,0.000000,PASS,12,33.154908,33.361881,3168,517075209865942039,18274192830519104938,517075209865942039,18274192830519104938,PASS,517075209865942039,18274192830519104938,PASS,12ae2d40913f8ad9913c74658b358bd45b80c087e4a2e3202be1b1328f2ffee4,3f87de89004249c59ce67212a63b6064e1394b8eefda2c4685e77ecfe1d1cdb1,05cd2982c744b5a40f3ef547373fe6dada31c5bdb4db2247a04651eea0f8aee2,46f3423e9761374135db528a911252475a6f2a0e3e4dcc332b6a0109c41f80e2,96a395643827988f311a3063d784e9fc0280d9e0d51f436ac334e067def50b65,real_dataset_prefix,4a4932f9caf75adb07fb87d898a636dba574acc035b9bed26ad7afefc34f7677,https://s3.us-west-2.amazonaws.com/dgl-data/dataset/tgl/WIKI/edges.csv,2026-07-17T02:46:43.993557+00:00
WK,APAN,TempGNN,21,2,1000,0.932407900,33.271157,31.022289306,168.000,168.000,168.000,168.000,0.002000,0.000000,PASS,12,33.043933,33.453882,3168,517075209865942039,18274192830519104938,517075209865942039,18274192830519104938,PASS,517075209865942039,18274192830519104938,PASS,12ae2d40913f8ad9913c74658b358bd45b80c087e4a2e3202be1b1328f2ffee4,3f87de89004249c59ce67212a63b6064e1394b8eefda2c4685e77ecfe1d1cdb1,05cd2982c744b5a40f3ef547373fe6dada31c5bdb4db2247a04651eea0f8aee2,46f3423e9761374135db528a911252475a6f2a0e3e4dcc332b6a0109c41f80e2,96a395643827988f311a3063d784e9fc0280d9e0d51f436ac334e067def50b65,real_dataset_prefix,4a4932f9caf75adb07fb87d898a636dba574acc035b9bed26ad7afefc34f7677,https://s3.us-west-2.amazonaws.com/dgl-data/dataset/tgl/WIKI/edges.csv,2026-07-17T02:46:48.461648+00:00
WK,APAN,TempGNN,21,3,1000,0.924126205,33.282681,30.757397314,168.000,168.000,168.000,168.000,0.002000,0.000000,PASS,13,33.118299,33.470564,3168,517075209865942039,18274192830519104938,517075209865942039,18274192830519104938,PASS,517075209865942039,18274192830519104938,PASS,12ae2d40913f8ad9913c74658b358bd45b80c087e4a2e3202be1b1328f2ffee4,3f87de89004249c59ce67212a63b6064e1394b8eefda2c4685e77ecfe1d1cdb1,05cd2982c744b5a40f3ef547373fe6dada31c5bdb4db2247a04651eea0f8aee2,46f3423e9761374135db528a911252475a6f2a0e3e4dcc332b6a0109c41f80e2,96a395643827988f311a3063d784e9fc0280d9e0d51f436ac334e067def50b65,real_dataset_prefix,4a4932f9caf75adb07fb87d898a636dba574acc035b9bed26ad7afefc34f7677,https://s3.us-west-2.amazonaws.com/dgl-data/dataset/tgl/WIKI/edges.csv,2026-07-17T02:46:53.131197+00:00
MC,JODIE,TempGNN,21,1,1000,0.605113973,33.127044,20.045637409,168.000,168.000,168.000,168.000,0.002000,0.000000,PASS,13,33.025970,33.256747,5570,18445335777330235397,1892424489593372120,18445335777330235397,1892424489593372120,PASS,18445335777330235397,1892424489593372120,PASS,1f9261e18b31bb92caccea1b559bfed55f8573a62d4dd58c694ae64e99a098d9,ff3d2c8bfe9990c34184c4151f18286498d52e57308e7e15cc76d155dae00407,05cd2982c744b5a40f3ef547373fe6dada31c5bdb4db2247a04651eea0f8aee2,46f3423e9761374135db528a911252475a6f2a0e3e4dcc332b6a0109c41f80e2,102ef3373f4b7ddedc038ddc25e53a383131aecc8073af7bfe747287b1ad6dc9,real_dataset_prefix,8ecd975a6c4bd9fc8275f87397b3ae6a07aee581a95d67099bea6a026b3352ef,https://s3.us-west-2.amazonaws.com/dgl-data/dataset/tgl/MOOC/edges.csv,2026-07-17T02:46:59.831394+00:00
MC,JODIE,TempGNN,21,2,1000,0.590424812,33.352748,19.692289872,168.000,168.000,168.000,168.000,0.002000,0.000000,PASS,13,33.196026,33.519354,5570,18445335777330235397,1892424489593372120,18445335777330235397,1892424489593372120,PASS,18445335777330235397,1892424489593372120,PASS,1f9261e18b31bb92caccea1b559bfed55f8573a62d4dd58c694ae64e99a098d9,ff3d2c8bfe9990c34184c4151f18286498d52e57308e7e15cc76d155dae00407,05cd2982c744b5a40f3ef547373fe6dada31c5bdb4db2247a04651eea0f8aee2,46f3423e9761374135db528a911252475a6f2a0e3e4dcc332b6a0109c41f80e2,102ef3373f4b7ddedc038ddc25e53a383131aecc8073af7bfe747287b1ad6dc9,real_dataset_prefix,8ecd975a6c4bd9fc8275f87397b3ae6a07aee581a95d67099bea6a026b3352ef,https://s3.us-west-2.amazonaws.com/dgl-data/dataset/tgl/MOOC/edges.csv,2026-07-17T02:47:04.677766+00:00
MC,JODIE,TempGNN,21,3,1000,0.571004578,33.172908,18.941882319,168.000,168.000,168.000,168.000,0.002000,0.000000,PASS,12,33.063096,33.255594,5570,18445335777330235397,1892424489593372120,18445335777330235397,1892424489593372120,PASS,18445335777330235397,1892424489593372120,PASS,1f9261e18b31bb92caccea1b559bfed55f8573a62d4dd58c694ae64e99a098d9,ff3d2c8bfe9990c34184c4151f18286498d52e57308e7e15cc76d155dae00407,05cd2982c744b5a40f3ef547373fe6dada31c5bdb4db2247a04651eea0f8aee2,46f3423e9761374135db528a911252475a6f2a0e3e4dcc332b6a0109c41f80e2,102ef3373f4b7ddedc038ddc25e53a383131aecc8073af7bfe747287b1ad6dc9,real_dataset_prefix,8ecd975a6c4bd9fc8275f87397b3ae6a07aee581a95d67099bea6a026b3352ef,https://s3.us-west-2.amazonaws.com/dgl-data/dataset/tgl/MOOC/edges.csv,2026-07-17T02:47:09.366070+00:00
MC,TGN,TempGNN,21,1,1000,2.420564557,33.419617,80.894340420,168.000,168.000,168.000,168.000,0.002000,0.000000,PASS,13,33.138479,33.592937,1262,159036431434335248,588648032767198063,159036431434335248,588648032767198063,PASS,159036431434335248,588648032767198063,PASS,3f9d1d230792653de24e9c93b117b2c6ccbccd46dae5abfe4f16ee8f0e72f2ad,e18c81a4a97edbe45d046b7250db2e4ed705ab0c98bcfd431367f5542a6090cc,05cd2982c744b5a40f3ef547373fe6dada31c5bdb4db2247a04651eea0f8aee2,46f3423e9761374135db528a911252475a6f2a0e3e4dcc332b6a0109c41f80e2,2e08222ef0f17fa79b704b3a472f7d7e359b2180cfe35ccfb5e019312de0e839,real_dataset_prefix,8ecd975a6c4bd9fc8275f87397b3ae6a07aee581a95d67099bea6a026b3352ef,https://s3.us-west-2.amazonaws.com/dgl-data/dataset/tgl/MOOC/edges.csv,2026-07-17T02:47:16.175324+00:00
MC,TGN,TempGNN,21,2,1000,2.431079265,33.126446,80.533016757,168.000,168.000,168.000,168.000,0.002000,0.000000,PASS,13,32.992072,33.229956,1262,159036431434335248,588648032767198063,159036431434335248,588648032767198063,PASS,159036431434335248,588648032767198063,PASS,3f9d1d230792653de24e9c93b117b2c6ccbccd46dae5abfe4f16ee8f0e72f2ad,e18c81a4a97edbe45d046b7250db2e4ed705ab0c98bcfd431367f5542a6090cc,05cd2982c744b5a40f3ef547373fe6dada31c5bdb4db2247a04651eea0f8aee2,46f3423e9761374135db528a911252475a6f2a0e3e4dcc332b6a0109c41f80e2,2e08222ef0f17fa79b704b3a472f7d7e359b2180cfe35ccfb5e019312de0e839,real_dataset_prefix,8ecd975a6c4bd9fc8275f87397b3ae6a07aee581a95d67099bea6a026b3352ef,https://s3.us-west-2.amazonaws.com/dgl-data/dataset/tgl/MOOC/edges.csv,2026-07-17T02:47:21.003656+00:00
MC,TGN,TempGNN,21,3,1000,2.454717261,33.344659,81.851709811,168.000,168.000,168.000,168.000,0.002000,0.000000,PASS,13,33.259476,33.439158,1262,159036431434335248,588648032767198063,159036431434335248,588648032767198063,PASS,159036431434335248,588648032767198063,PASS,3f9d1d230792653de24e9c93b117b2c6ccbccd46dae5abfe4f16ee8f0e72f2ad,e18c81a4a97edbe45d046b7250db2e4ed705ab0c98bcfd431367f5542a6090cc,05cd2982c744b5a40f3ef547373fe6dada31c5bdb4db2247a04651eea0f8aee2,46f3423e9761374135db528a911252475a6f2a0e3e4dcc332b6a0109c41f80e2,2e08222ef0f17fa79b704b3a472f7d7e359b2180cfe35ccfb5e019312de0e839,real_dataset_prefix,8ecd975a6c4bd9fc8275f87397b3ae6a07aee581a95d67099bea6a026b3352ef,https://s3.us-west-2.amazonaws.com/dgl-data/dataset/tgl/MOOC/edges.csv,2026-07-17T02:47:25.818996+00:00
MC,TGAT,TempGNN,21,1,1000,2.474772872,33.296306,82.400794265,168.000,168.000,168.000,168.000,0.002000,0.000000,PASS,13,33.216184,33.565879,1245,358886321754126362,2547609118619877109,358886321754126362,2547609118619877109,PASS,358886321754126362,2547609118619877109,PASS,3c0e94f34691661b46921e136015fe4f0c1887c1a8562e966522ccd3066c9387,49400c28957bbdbf6f27d11a926a27ddf0a7311787f4f42f218cbf163bb3cd92,05cd2982c744b5a40f3ef547373fe6dada31c5bdb4db2247a04651eea0f8aee2,46f3423e9761374135db528a911252475a6f2a0e3e4dcc332b6a0109c41f80e2,357557f372c0705bcabbce4219a9b93d69bb5c921c602eeec0b5e37c22ab876a,real_dataset_prefix,8ecd975a6c4bd9fc8275f87397b3ae6a07aee581a95d67099bea6a026b3352ef,https://s3.us-west-2.amazonaws.com/dgl-data/dataset/tgl/MOOC/edges.csv,2026-07-17T02:47:32.687785+00:00
MC,TGAT,TempGNN,21,2,1000,2.464291235,33.304499,82.071985741,168.000,168.000,168.000,168.000,0.002000,0.000000,PASS,13,33.126190,33.516469,1245,358886321754126362,2547609118619877109,358886321754126362,2547609118619877109,PASS,358886321754126362,2547609118619877109,PASS,3c0e94f34691661b46921e136015fe4f0c1887c1a8562e966522ccd3066c9387,49400c28957bbdbf6f27d11a926a27ddf0a7311787f4f42f218cbf163bb3cd92,05cd2982c744b5a40f3ef547373fe6dada31c5bdb4db2247a04651eea0f8aee2,46f3423e9761374135db528a911252475a6f2a0e3e4dcc332b6a0109c41f80e2,357557f372c0705bcabbce4219a9b93d69bb5c921c602eeec0b5e37c22ab876a,real_dataset_prefix,8ecd975a6c4bd9fc8275f87397b3ae6a07aee581a95d67099bea6a026b3352ef,https://s3.us-west-2.amazonaws.com/dgl-data/dataset/tgl/MOOC/edges.csv,2026-07-17T02:47:37.515422+00:00
MC,TGAT,TempGNN,21,3,1000,2.418707792,33.355894,80.678161532,168.000,168.000,168.000,168.000,0.002000,0.000000,PASS,12,33.238048,33.476085,1245,358886321754126362,2547609118619877109,358886321754126362,2547609118619877109,PASS,358886321754126362,2547609118619877109,PASS,3c0e94f34691661b46921e136015fe4f0c1887c1a8562e966522ccd3066c9387,49400c28957bbdbf6f27d11a926a27ddf0a7311787f4f42f218cbf163bb3cd92,05cd2982c744b5a40f3ef547373fe6dada31c5bdb4db2247a04651eea0f8aee2,46f3423e9761374135db528a911252475a6f2a0e3e4dcc332b6a0109c41f80e2,357557f372c0705bcabbce4219a9b93d69bb5c921c602eeec0b5e37c22ab876a,real_dataset_prefix,8ecd975a6c4bd9fc8275f87397b3ae6a07aee581a95d67099bea6a026b3352ef,https://s3.us-west-2.amazonaws.com/dgl-data/dataset/tgl/MOOC/edges.csv,2026-07-17T02:47:42.048771+00:00
MC,APAN,TempGNN,21,1,1000,1.039935008,33.437564,34.772892975,168.000,168.000,168.000,168.000,0.002000,0.000000,PASS,13,33.349479,33.543848,2998,17891105487451577852,492548073301264379,17891105487451577852,492548073301264379,PASS,17891105487451577852,492548073301264379,PASS,eeaebe5da9e8ef6ce85a9a3df01ee13164552bff78f6a73f6acae2e92c03d9ec,c4b070171539fd71cfa16a1b08cdcb74eb129b8d5365ec4b507c58e225bb2a1a,05cd2982c744b5a40f3ef547373fe6dada31c5bdb4db2247a04651eea0f8aee2,46f3423e9761374135db528a911252475a6f2a0e3e4dcc332b6a0109c41f80e2,29772016b039293630bbe2680d5a58df6af2373eb7f7b31fd8fa07b0949acc99,real_dataset_prefix,8ecd975a6c4bd9fc8275f87397b3ae6a07aee581a95d67099bea6a026b3352ef,https://s3.us-west-2.amazonaws.com/dgl-data/dataset/tgl/MOOC/edges.csv,2026-07-17T02:47:48.804763+00:00
MC,APAN,TempGNN,21,2,1000,1.043222165,33.355460,34.797155210,168.000,168.000,168.000,168.000,0.002000,0.000000,PASS,13,33.297333,33.499252,2998,17891105487451577852,492548073301264379,17891105487451577852,492548073301264379,PASS,17891105487451577852,492548073301264379,PASS,eeaebe5da9e8ef6ce85a9a3df01ee13164552bff78f6a73f6acae2e92c03d9ec,c4b070171539fd71cfa16a1b08cdcb74eb129b8d5365ec4b507c58e225bb2a1a,05cd2982c744b5a40f3ef547373fe6dada31c5bdb4db2247a04651eea0f8aee2,46f3423e9761374135db528a911252475a6f2a0e3e4dcc332b6a0109c41f80e2,29772016b039293630bbe2680d5a58df6af2373eb7f7b31fd8fa07b0949acc99,real_dataset_prefix,8ecd975a6c4bd9fc8275f87397b3ae6a07aee581a95d67099bea6a026b3352ef,https://s3.us-west-2.amazonaws.com/dgl-data/dataset/tgl/MOOC/edges.csv,2026-07-17T02:47:53.643499+00:00
MC,APAN,TempGNN,21,3,1000,1.028105114,33.322628,34.259164024,168.000,168.000,168.000,168.000,0.002000,0.000000,PASS,13,33.198658,33.379517,2998,17891105487451577852,492548073301264379,17891105487451577852,492548073301264379,PASS,17891105487451577852,492548073301264379,PASS,eeaebe5da9e8ef6ce85a9a3df01ee13164552bff78f6a73f6acae2e92c03d9ec,c4b070171539fd71cfa16a1b08cdcb74eb129b8d5365ec4b507c58e225bb2a1a,05cd2982c744b5a40f3ef547373fe6dada31c5bdb4db2247a04651eea0f8aee2,46f3423e9761374135db528a911252475a6f2a0e3e4dcc332b6a0109c41f80e2,29772016b039293630bbe2680d5a58df6af2373eb7f7b31fd8fa07b0949acc99,real_dataset_prefix,8ecd975a6c4bd9fc8275f87397b3ae6a07aee581a95d67099bea6a026b3352ef,https://s3.us-west-2.amazonaws.com/dgl-data/dataset/tgl/MOOC/edges.csv,2026-07-17T02:47:58.447375+00:00
RT,JODIE,TempGNN,21,1,1000,0.581800076,33.255758,19.348202387,168.000,168.000,168.000,168.000,0.002000,0.000000,PASS,11,33.162244,33.368029,4934,95139249916511545,392174104425322121,95139249916511545,392174104425322121,PASS,95139249916511545,392174104425322121,PASS,901b028a6381f6ad0d694988c84e7f90cf9f861179bac5b8f872e2c4280aa5fa,b72e67c9652b84aafb7b5e465bc4fe501e2dc523f70a08aed8ae00688641acc2,05cd2982c744b5a40f3ef547373fe6dada31c5bdb4db2247a04651eea0f8aee2,46f3423e9761374135db528a911252475a6f2a0e3e4dcc332b6a0109c41f80e2,b67a7da1376ccce11f1d2ed99bd254e08c78fffc006f9ae364d521d367f6a30a,real_dataset_prefix,57635c30b7de6fe322e9ac47135a6a7323d9e95de339ce4c294a28035c962981,https://s3.us-west-2.amazonaws.com/dgl-data/dataset/tgl/REDDIT/edges.csv,2026-07-17T02:48:04.940074+00:00
RT,JODIE,TempGNN,21,2,1000,0.587476630,33.352322,19.593709917,168.000,168.000,168.000,168.000,0.002000,0.000000,PASS,12,33.198824,33.448594,4934,95139249916511545,392174104425322121,95139249916511545,392174104425322121,PASS,95139249916511545,392174104425322121,PASS,901b028a6381f6ad0d694988c84e7f90cf9f861179bac5b8f872e2c4280aa5fa,b72e67c9652b84aafb7b5e465bc4fe501e2dc523f70a08aed8ae00688641acc2,05cd2982c744b5a40f3ef547373fe6dada31c5bdb4db2247a04651eea0f8aee2,46f3423e9761374135db528a911252475a6f2a0e3e4dcc332b6a0109c41f80e2,b67a7da1376ccce11f1d2ed99bd254e08c78fffc006f9ae364d521d367f6a30a,real_dataset_prefix,57635c30b7de6fe322e9ac47135a6a7323d9e95de339ce4c294a28035c962981,https://s3.us-west-2.amazonaws.com/dgl-data/dataset/tgl/REDDIT/edges.csv,2026-07-17T02:48:09.523421+00:00
RT,JODIE,TempGNN,21,3,1000,0.589116914,33.226674,19.574395861,168.000,168.000,168.000,168.000,0.002000,0.000000,PASS,12,33.043532,33.359055,4934,95139249916511545,392174104425322121,95139249916511545,392174104425322121,PASS,95139249916511545,392174104425322121,PASS,901b028a6381f6ad0d694988c84e7f90cf9f861179bac5b8f872e2c4280aa5fa,b72e67c9652b84aafb7b5e465bc4fe501e2dc523f70a08aed8ae00688641acc2,05cd2982c744b5a40f3ef547373fe6dada31c5bdb4db2247a04651eea0f8aee2,46f3423e9761374135db528a911252475a6f2a0e3e4dcc332b6a0109c41f80e2,b67a7da1376ccce11f1d2ed99bd254e08c78fffc006f9ae364d521d367f6a30a,real_dataset_prefix,57635c30b7de6fe322e9ac47135a6a7323d9e95de339ce4c294a28035c962981,https://s3.us-west-2.amazonaws.com/dgl-data/dataset/tgl/REDDIT/edges.csv,2026-07-17T02:48:14.203174+00:00
RT,TGN,TempGNN,21,1,1000,1.511336159,33.151811,50.103530830,168.000,168.000,168.000,168.000,0.002000,0.000000,PASS,13,32.981259,33.243572,2039,53477981720959737,14424351300638000346,53477981720959737,14424351300638000346,PASS,53477981720959737,14424351300638000346,PASS,9b9410c385ee487dd8c1549c17a36031ae1d0953757b75a345f27846fc9d95fe,a89c6b4f88152a6053630c20c911ace722fe10bfe0c1359b36d0c2967f749f75,05cd2982c744b5a40f3ef547373fe6dada31c5bdb4db2247a04651eea0f8aee2,46f3423e9761374135db528a911252475a6f2a0e3e4dcc332b6a0109c41f80e2,7a2c195151ec620bc764e9c7e76928ca23f9719f32fa842a053897c3f3dc6ce3,real_dataset_prefix,57635c30b7de6fe322e9ac47135a6a7323d9e95de339ce4c294a28035c962981,https://s3.us-west-2.amazonaws.com/dgl-data/dataset/tgl/REDDIT/edges.csv,2026-07-17T02:48:20.832137+00:00
RT,TGN,TempGNN,21,2,1000,1.502356288,33.515039,50.351530158,168.000,168.000,168.000,168.000,0.002000,0.000000,PASS,13,33.371400,33.664208,2039,53477981720959737,14424351300638000346,53477981720959737,14424351300638000346,PASS,53477981720959737,14424351300638000346,PASS,9b9410c385ee487dd8c1549c17a36031ae1d0953757b75a345f27846fc9d95fe,a89c6b4f88152a6053630c20c911ace722fe10bfe0c1359b36d0c2967f749f75,05cd2982c744b5a40f3ef547373fe6dada31c5bdb4db2247a04651eea0f8aee2,46f3423e9761374135db528a911252475a6f2a0e3e4dcc332b6a0109c41f80e2,7a2c195151ec620bc764e9c7e76928ca23f9719f32fa842a053897c3f3dc6ce3,real_dataset_prefix,57635c30b7de6fe322e9ac47135a6a7323d9e95de339ce4c294a28035c962981,https://s3.us-west-2.amazonaws.com/dgl-data/dataset/tgl/REDDIT/edges.csv,2026-07-17T02:48:25.683658+00:00
RT,TGN,TempGNN,21,3,1000,1.498098539,33.432749,50.085552069,168.000,168.000,168.000,168.000,0.002000,0.000000,PASS,13,33.275020,33.609374,2039,53477981720959737,14424351300638000346,53477981720959737,14424351300638000346,PASS,53477981720959737,14424351300638000346,PASS,9b9410c385ee487dd8c1549c17a36031ae1d0953757b75a345f27846fc9d95fe,a89c6b4f88152a6053630c20c911ace722fe10bfe0c1359b36d0c2967f749f75,05cd2982c744b5a40f3ef547373fe6dada31c5bdb4db2247a04651eea0f8aee2,46f3423e9761374135db528a911252475a6f2a0e3e4dcc332b6a0109c41f80e2,7a2c195151ec620bc764e9c7e76928ca23f9719f32fa842a053897c3f3dc6ce3,real_dataset_prefix,57635c30b7de6fe322e9ac47135a6a7323d9e95de339ce4c294a28035c962981,https://s3.us-west-2.amazonaws.com/dgl-data/dataset/tgl/REDDIT/edges.csv,2026-07-17T02:48:30.507502+00:00
RT,TGAT,TempGNN,21,1,1000,1.485298344,33.230824,49.357688091,168.000,168.000,168.000,168.000,0.002000,0.000000,PASS,12,33.148823,33.401049,2017,365911026806335023,10879212457949860667,365911026806335023,10879212457949860667,PASS,365911026806335023,10879212457949860667,PASS,834b0c1e211ef9bfd52c52a96c17f61c0580d10d6c20547de984688fba748908,b9cb740eb71db13781b4b96e0cbb24f6e28741239daa5cf588750477a0bc5d7d,05cd2982c744b5a40f3ef547373fe6dada31c5bdb4db2247a04651eea0f8aee2,46f3423e9761374135db528a911252475a6f2a0e3e4dcc332b6a0109c41f80e2,1bf0174340342b586a4edf2123a3234eaa1b6f3afe594aad9ede419d7ee41095,real_dataset_prefix,57635c30b7de6fe322e9ac47135a6a7323d9e95de339ce4c294a28035c962981,https://s3.us-west-2.amazonaws.com/dgl-data/dataset/tgl/REDDIT/edges.csv,2026-07-17T02:48:36.908082+00:00
RT,TGAT,TempGNN,21,2,1000,1.502131568,33.373323,50.131121512,168.000,168.000,168.000,168.000,0.002000,0.000000,PASS,12,33.227445,33.572635,2017,365911026806335023,10879212457949860667,365911026806335023,10879212457949860667,PASS,365911026806335023,10879212457949860667,PASS,834b0c1e211ef9bfd52c52a96c17f61c0580d10d6c20547de984688fba748908,b9cb740eb71db13781b4b96e0cbb24f6e28741239daa5cf588750477a0bc5d7d,05cd2982c744b5a40f3ef547373fe6dada31c5bdb4db2247a04651eea0f8aee2,46f3423e9761374135db528a911252475a6f2a0e3e4dcc332b6a0109c41f80e2,1bf0174340342b586a4edf2123a3234eaa1b6f3afe594aad9ede419d7ee41095,real_dataset_prefix,57635c30b7de6fe322e9ac47135a6a7323d9e95de339ce4c294a28035c962981,https://s3.us-west-2.amazonaws.com/dgl-data/dataset/tgl/REDDIT/edges.csv,2026-07-17T02:48:41.452366+00:00
RT,TGAT,TempGNN,21,3,1000,1.488179187,33.349660,49.630269216,168.000,168.000,168.000,168.000,0.002000,0.000000,PASS,13,33.008134,33.577887,2017,365911026806335023,10879212457949860667,365911026806335023,10879212457949860667,PASS,365911026806335023,10879212457949860667,PASS,834b0c1e211ef9bfd52c52a96c17f61c0580d10d6c20547de984688fba748908,b9cb740eb71db13781b4b96e0cbb24f6e28741239daa5cf588750477a0bc5d7d,05cd2982c744b5a40f3ef547373fe6dada31c5bdb4db2247a04651eea0f8aee2,46f3423e9761374135db528a911252475a6f2a0e3e4dcc332b6a0109c41f80e2,1bf0174340342b586a4edf2123a3234eaa1b6f3afe594aad9ede419d7ee41095,real_dataset_prefix,57635c30b7de6fe322e9ac47135a6a7323d9e95de339ce4c294a28035c962981,https://s3.us-west-2.amazonaws.com/dgl-data/dataset/tgl/REDDIT/edges.csv,2026-07-17T02:48:46.211604+00:00
RT,APAN,TempGNN,21,1,1000,0.912719894,33.406628,30.490894303,168.000,168.000,168.000,168.000,0.002000,0.000000,PASS,13,33.189045,33.522391,3316,496236126730694497,18296450643280710268,496236126730694497,18296450643280710268,PASS,496236126730694497,18296450643280710268,PASS,e6434668d3cd807129dcd007ffe30ec8b246bc71c5008ebf6fd60da450290fb7,b0745d4c8f03b6c65c83b055af636daa591067584c314a813b6e7f7466f99595,05cd2982c744b5a40f3ef547373fe6dada31c5bdb4db2247a04651eea0f8aee2,46f3423e9761374135db528a911252475a6f2a0e3e4dcc332b6a0109c41f80e2,57e6aae169bbc9c2df34e2a9e72e9650850d7865a5cad08886ed1413f77b5d5e,real_dataset_prefix,57635c30b7de6fe322e9ac47135a6a7323d9e95de339ce4c294a28035c962981,https://s3.us-west-2.amazonaws.com/dgl-data/dataset/tgl/REDDIT/edges.csv,2026-07-17T02:48:52.792309+00:00
RT,APAN,TempGNN,21,2,1000,0.915124895,33.220950,30.401318020,168.000,168.000,168.000,168.000,0.002000,0.000000,PASS,13,33.170076,33.265384,3316,496236126730694497,18296450643280710268,496236126730694497,18296450643280710268,PASS,496236126730694497,18296450643280710268,PASS,e6434668d3cd807129dcd007ffe30ec8b246bc71c5008ebf6fd60da450290fb7,b0745d4c8f03b6c65c83b055af636daa591067584c314a813b6e7f7466f99595,05cd2982c744b5a40f3ef547373fe6dada31c5bdb4db2247a04651eea0f8aee2,46f3423e9761374135db528a911252475a6f2a0e3e4dcc332b6a0109c41f80e2,57e6aae169bbc9c2df34e2a9e72e9650850d7865a5cad08886ed1413f77b5d5e,real_dataset_prefix,57635c30b7de6fe322e9ac47135a6a7323d9e95de339ce4c294a28035c962981,https://s3.us-west-2.amazonaws.com/dgl-data/dataset/tgl/REDDIT/edges.csv,2026-07-17T02:48:57.563270+00:00
RT,APAN,TempGNN,21,3,1000,0.922196890,33.407345,30.808150014,168.000,168.000,168.000,168.000,0.002000,0.000000,PASS,13,33.288546,33.495049,3316,496236126730694497,18296450643280710268,496236126730694497,18296450643280710268,PASS,496236126730694497,18296450643280710268,PASS,e6434668d3cd807129dcd007ffe30ec8b246bc71c5008ebf6fd60da450290fb7,b0745d4c8f03b6c65c83b055af636daa591067584c314a813b6e7f7466f99595,05cd2982c744b5a40f3ef547373fe6dada31c5bdb4db2247a04651eea0f8aee2,46f3423e9761374135db528a911252475a6f2a0e3e4dcc332b6a0109c41f80e2,57e6aae169bbc9c2df34e2a9e72e9650850d7865a5cad08886ed1413f77b5d5e,real_dataset_prefix,57635c30b7de6fe322e9ac47135a6a7323d9e95de339ce4c294a28035c962981,https://s3.us-west-2.amazonaws.com/dgl-data/dataset/tgl/REDDIT/edges.csv,2026-07-17T02:49:02.335312+00:00
LM,JODIE,TempGNN,21,1,1000,0.586243746,33.365688,19.560425877,168.000,168.000,168.000,168.000,0.002000,0.000000,PASS,13,33.228444,33.455088,5414,22238575398719601,9737395136561376217,22238575398719601,9737395136561376217,PASS,22238575398719601,9737395136561376217,PASS,fab4c1de1d806189860c46ec5d9997226d662de4d9693badbf720a027ae38913,94562baadb2942ad2fd96a870d8e3a6469a1e6de921213d0213d377b39d3e8b2,05cd2982c744b5a40f3ef547373fe6dada31c5bdb4db2247a04651eea0f8aee2,46f3423e9761374135db528a911252475a6f2a0e3e4dcc332b6a0109c41f80e2,a8e8ef004a7e1eedb91977252c41f809f1afc25a3a2488c6d67f4c222505d0d9,real_dataset_prefix,fde30777ef2d1ce3253b4f0df6e6fe71baff943886a1a7e0932a9191d24d5bfe,https://s3.us-west-2.amazonaws.com/dgl-data/dataset/tgl/LASTFM/edges.csv,2026-07-17T02:49:09.202689+00:00
LM,JODIE,TempGNN,21,2,1000,0.581570097,33.218677,19.318989070,168.000,168.000,168.000,168.000,0.002000,0.000000,PASS,13,33.039840,33.365646,5414,22238575398719601,9737395136561376217,22238575398719601,9737395136561376217,PASS,22238575398719601,9737395136561376217,PASS,fab4c1de1d806189860c46ec5d9997226d662de4d9693badbf720a027ae38913,94562baadb2942ad2fd96a870d8e3a6469a1e6de921213d0213d377b39d3e8b2,05cd2982c744b5a40f3ef547373fe6dada31c5bdb4db2247a04651eea0f8aee2,46f3423e9761374135db528a911252475a6f2a0e3e4dcc332b6a0109c41f80e2,a8e8ef004a7e1eedb91977252c41f809f1afc25a3a2488c6d67f4c222505d0d9,real_dataset_prefix,fde30777ef2d1ce3253b4f0df6e6fe71baff943886a1a7e0932a9191d24d5bfe,https://s3.us-west-2.amazonaws.com/dgl-data/dataset/tgl/LASTFM/edges.csv,2026-07-17T02:49:13.953132+00:00
LM,JODIE,TempGNN,21,3,1000,0.573508692,33.265644,19.078135964,168.000,168.000,168.000,168.000,0.002000,0.000000,PASS,12,33.122327,33.403924,5414,22238575398719601,9737395136561376217,22238575398719601,9737395136561376217,PASS,22238575398719601,9737395136561376217,PASS,fab4c1de1d806189860c46ec5d9997226d662de4d9693badbf720a027ae38913,94562baadb2942ad2fd96a870d8e3a6469a1e6de921213d0213d377b39d3e8b2,05cd2982c744b5a40f3ef547373fe6dada31c5bdb4db2247a04651eea0f8aee2,46f3423e9761374135db528a911252475a6f2a0e3e4dcc332b6a0109c41f80e2,a8e8ef004a7e1eedb91977252c41f809f1afc25a3a2488c6d67f4c222505d0d9,real_dataset_prefix,fde30777ef2d1ce3253b4f0df6e6fe71baff943886a1a7e0932a9191d24d5bfe,https://s3.us-west-2.amazonaws.com/dgl-data/dataset/tgl/LASTFM/edges.csv,2026-07-17T02:49:18.807297+00:00
LM,TGN,TempGNN,21,1,1000,2.277494692,33.290962,75.819990125,168.000,168.000,168.000,168.000,0.002000,0.000000,PASS,13,33.268120,33.316689,1325,18195109759235440855,11972239957607761548,18195109759235440855,11972239957607761548,PASS,18195109759235440855,11972239957607761548,PASS,2574184e5f8181fb73e3ea757b0d937ce3e3482c8526cc1851bbde1385f7ef11,e32950a092dee8cb8d7be931882e11257e71f193fd02635611e375ec86015eb0,05cd2982c744b5a40f3ef547373fe6dada31c5bdb4db2247a04651eea0f8aee2,46f3423e9761374135db528a911252475a6f2a0e3e4dcc332b6a0109c41f80e2,7c01f34a4587b6ebcccd3bb4bdeae00c38ac2d353f9ee613e1ee830a704e85c3,real_dataset_prefix,fde30777ef2d1ce3253b4f0df6e6fe71baff943886a1a7e0932a9191d24d5bfe,https://s3.us-west-2.amazonaws.com/dgl-data/dataset/tgl/LASTFM/edges.csv,2026-07-17T02:49:25.555168+00:00
LM,TGN,TempGNN,21,2,1000,2.282900328,33.443203,76.347498556,168.000,168.000,168.000,168.000,0.002000,0.000000,PASS,13,33.169938,33.626780,1325,18195109759235440855,11972239957607761548,18195109759235440855,11972239957607761548,PASS,18195109759235440855,11972239957607761548,PASS,2574184e5f8181fb73e3ea757b0d937ce3e3482c8526cc1851bbde1385f7ef11,e32950a092dee8cb8d7be931882e11257e71f193fd02635611e375ec86015eb0,05cd2982c744b5a40f3ef547373fe6dada31c5bdb4db2247a04651eea0f8aee2,46f3423e9761374135db528a911252475a6f2a0e3e4dcc332b6a0109c41f80e2,7c01f34a4587b6ebcccd3bb4bdeae00c38ac2d353f9ee613e1ee830a704e85c3,real_dataset_prefix,fde30777ef2d1ce3253b4f0df6e6fe71baff943886a1a7e0932a9191d24d5bfe,https://s3.us-west-2.amazonaws.com/dgl-data/dataset/tgl/LASTFM/edges.csv,2026-07-17T02:49:30.402980+00:00
LM,TGN,TempGNN,21,3,1000,2.279667602,33.529754,76.436694933,168.000,168.000,168.000,168.000,0.002000,0.000000,PASS,13,33.478873,33.567052,1325,18195109759235440855,11972239957607761548,18195109759235440855,11972239957607761548,PASS,18195109759235440855,11972239957607761548,PASS,2574184e5f8181fb73e3ea757b0d937ce3e3482c8526cc1851bbde1385f7ef11,e32950a092dee8cb8d7be931882e11257e71f193fd02635611e375ec86015eb0,05cd2982c744b5a40f3ef547373fe6dada31c5bdb4db2247a04651eea0f8aee2,46f3423e9761374135db528a911252475a6f2a0e3e4dcc332b6a0109c41f80e2,7c01f34a4587b6ebcccd3bb4bdeae00c38ac2d353f9ee613e1ee830a704e85c3,real_dataset_prefix,fde30777ef2d1ce3253b4f0df6e6fe71baff943886a1a7e0932a9191d24d5bfe,https://s3.us-west-2.amazonaws.com/dgl-data/dataset/tgl/LASTFM/edges.csv,2026-07-17T02:49:35.211708+00:00
LM,TGAT,TempGNN,21,1,1000,2.289920690,33.551494,76.830259939,168.000,168.000,168.000,168.000,0.002000,0.000000,PASS,13,33.413356,33.812694,1313,181261787267514679,1389072391945711843,181261787267514679,1389072391945711843,PASS,181261787267514679,1389072391945711843,PASS,1176284673177906c281278f79211496a915ff14593a12d8752b72312cc51d38,6a2891fba485744efb5f48f76c3ea4b007300076825da81c3343a68fd4bc2934,05cd2982c744b5a40f3ef547373fe6dada31c5bdb4db2247a04651eea0f8aee2,46f3423e9761374135db528a911252475a6f2a0e3e4dcc332b6a0109c41f80e2,362644f3b78d0428be3e4dfcd3e7cc9dfcd99159d6abd194dd07e3fd1c84c7f4,real_dataset_prefix,fde30777ef2d1ce3253b4f0df6e6fe71baff943886a1a7e0932a9191d24d5bfe,https://s3.us-west-2.amazonaws.com/dgl-data/dataset/tgl/LASTFM/edges.csv,2026-07-17T02:49:41.891642+00:00
LM,TGAT,TempGNN,21,2,1000,2.319596650,33.227193,77.073685739,168.000,168.000,168.000,168.000,0.002000,0.000000,PASS,13,33.133226,33.333144,1313,181261787267514679,1389072391945711843,181261787267514679,1389072391945711843,PASS,181261787267514679,1389072391945711843,PASS,1176284673177906c281278f79211496a915ff14593a12d8752b72312cc51d38,6a2891fba485744efb5f48f76c3ea4b007300076825da81c3343a68fd4bc2934,05cd2982c744b5a40f3ef547373fe6dada31c5bdb4db2247a04651eea0f8aee2,46f3423e9761374135db528a911252475a6f2a0e3e4dcc332b6a0109c41f80e2,362644f3b78d0428be3e4dfcd3e7cc9dfcd99159d6abd194dd07e3fd1c84c7f4,real_dataset_prefix,fde30777ef2d1ce3253b4f0df6e6fe71baff943886a1a7e0932a9191d24d5bfe,https://s3.us-west-2.amazonaws.com/dgl-data/dataset/tgl/LASTFM/edges.csv,2026-07-17T02:49:46.763567+00:00
LM,TGAT,TempGNN,21,3,1000,2.279700500,33.252498,75.805737064,168.000,168.000,168.000,168.000,0.002000,0.000000,PASS,12,33.172480,33.325123,1313,181261787267514679,1389072391945711843,181261787267514679,1389072391945711843,PASS,181261787267514679,1389072391945711843,PASS,1176284673177906c281278f79211496a915ff14593a12d8752b72312cc51d38,6a2891fba485744efb5f48f76c3ea4b007300076825da81c3343a68fd4bc2934,05cd2982c744b5a40f3ef547373fe6dada31c5bdb4db2247a04651eea0f8aee2,46f3423e9761374135db528a911252475a6f2a0e3e4dcc332b6a0109c41f80e2,362644f3b78d0428be3e4dfcd3e7cc9dfcd99159d6abd194dd07e3fd1c84c7f4,real_dataset_prefix,fde30777ef2d1ce3253b4f0df6e6fe71baff943886a1a7e0932a9191d24d5bfe,https://s3.us-west-2.amazonaws.com/dgl-data/dataset/tgl/LASTFM/edges.csv,2026-07-17T02:49:51.342350+00:00
LM,APAN,TempGNN,21,1,1000,1.058651009,33.492019,35.456359519,168.000,168.000,168.000,168.000,0.002000,0.000000,PASS,12,33.310148,33.698834,2900,286252992055467059,3704169585147660062,286252992055467059,3704169585147660062,PASS,286252992055467059,3704169585147660062,PASS,1073b8e3311a4419a8c88fa524be9b2c0245743f30054621b19b103cbebb5df4,38cc222cabd4fc55f941d50c166679732b33d2a733fdf43490bdecf7736bfc87,05cd2982c744b5a40f3ef547373fe6dada31c5bdb4db2247a04651eea0f8aee2,46f3423e9761374135db528a911252475a6f2a0e3e4dcc332b6a0109c41f80e2,8244c2d56d2d971dbdb1810da533eaf9ae4ee6780aedcda82744cae7c45bb6b1,real_dataset_prefix,fde30777ef2d1ce3253b4f0df6e6fe71baff943886a1a7e0932a9191d24d5bfe,https://s3.us-west-2.amazonaws.com/dgl-data/dataset/tgl/LASTFM/edges.csv,2026-07-17T02:49:57.925953+00:00
LM,APAN,TempGNN,21,2,1000,1.067978472,33.531702,35.811135528,168.000,168.000,168.000,168.000,0.002000,0.000000,PASS,13,33.263820,33.845258,2900,286252992055467059,3704169585147660062,286252992055467059,3704169585147660062,PASS,286252992055467059,3704169585147660062,PASS,1073b8e3311a4419a8c88fa524be9b2c0245743f30054621b19b103cbebb5df4,38cc222cabd4fc55f941d50c166679732b33d2a733fdf43490bdecf7736bfc87,05cd2982c744b5a40f3ef547373fe6dada31c5bdb4db2247a04651eea0f8aee2,46f3423e9761374135db528a911252475a6f2a0e3e4dcc332b6a0109c41f80e2,8244c2d56d2d971dbdb1810da533eaf9ae4ee6780aedcda82744cae7c45bb6b1,real_dataset_prefix,fde30777ef2d1ce3253b4f0df6e6fe71baff943886a1a7e0932a9191d24d5bfe,https://s3.us-west-2.amazonaws.com/dgl-data/dataset/tgl/LASTFM/edges.csv,2026-07-17T02:50:02.602662+00:00
LM,APAN,TempGNN,21,3,1000,1.094316793,33.378704,36.526876331,168.000,168.000,168.000,168.000,0.002000,0.000000,PASS,13,33.228630,33.501608,2900,286252992055467059,3704169585147660062,286252992055467059,3704169585147660062,PASS,286252992055467059,3704169585147660062,PASS,1073b8e3311a4419a8c88fa524be9b2c0245743f30054621b19b103cbebb5df4,38cc222cabd4fc55f941d50c166679732b33d2a733fdf43490bdecf7736bfc87,05cd2982c744b5a40f3ef547373fe6dada31c5bdb4db2247a04651eea0f8aee2,46f3423e9761374135db528a911252475a6f2a0e3e4dcc332b6a0109c41f80e2,8244c2d56d2d971dbdb1810da533eaf9ae4ee6780aedcda82744cae7c45bb6b1,real_dataset_prefix,fde30777ef2d1ce3253b4f0df6e6fe71baff943886a1a7e0932a9191d24d5bfe,https://s3.us-west-2.amazonaws.com/dgl-data/dataset/tgl/LASTFM/edges.csv,2026-07-17T02:50:07.313427+00:00
WT,JODIE,TempGNN,21,1,1000,0.571147487,33.212567,18.969273985,168.000,168.000,168.000,168.000,0.002000,0.000000,PASS,12,33.020311,33.311437,5040,18312202449989993218,14897252862459551009,18312202449989993218,14897252862459551009,PASS,18312202449989993218,14897252862459551009,PASS,caed626f9d70a5671b6536a7090cf95deb3a5beee30a536b0244d1069d82e46b,671b4ee69776b731ae79973ef7ceca98b6b19f8ccbbdb1e1b4ba6ffc79e10055,05cd2982c744b5a40f3ef547373fe6dada31c5bdb4db2247a04651eea0f8aee2,46f3423e9761374135db528a911252475a6f2a0e3e4dcc332b6a0109c41f80e2,81b2d9d9a0afc45428a9b4863e8669fdb1f0db20c689ffc2bd019c0ddc5fffed,real_dataset_prefix,cc57219e9d06edb0ecb18987b5b61abd0458fdd907962a45513c59a2bf79a023,https://snap.stanford.edu/data/wiki-talk-temporal.txt.gz,2026-07-17T02:50:13.827256+00:00
WT,JODIE,TempGNN,21,2,1000,0.563353538,33.313821,18.767459133,168.000,168.000,168.000,168.000,0.002000,0.000000,PASS,11,33.192898,33.388713,5040,18312202449989993218,14897252862459551009,18312202449989993218,14897252862459551009,PASS,18312202449989993218,14897252862459551009,PASS,caed626f9d70a5671b6536a7090cf95deb3a5beee30a536b0244d1069d82e46b,671b4ee69776b731ae79973ef7ceca98b6b19f8ccbbdb1e1b4ba6ffc79e10055,05cd2982c744b5a40f3ef547373fe6dada31c5bdb4db2247a04651eea0f8aee2,46f3423e9761374135db528a911252475a6f2a0e3e4dcc332b6a0109c41f80e2,81b2d9d9a0afc45428a9b4863e8669fdb1f0db20c689ffc2bd019c0ddc5fffed,real_dataset_prefix,cc57219e9d06edb0ecb18987b5b61abd0458fdd907962a45513c59a2bf79a023,https://snap.stanford.edu/data/wiki-talk-temporal.txt.gz,2026-07-17T02:50:18.205340+00:00
WT,JODIE,TempGNN,21,3,1000,0.584676432,33.382525,19.517975398,168.000,168.000,168.000,168.000,0.002000,0.000000,PASS,12,33.134932,33.619580,5040,18312202449989993218,14897252862459551009,18312202449989993218,14897252862459551009,PASS,18312202449989993218,14897252862459551009,PASS,caed626f9d70a5671b6536a7090cf95deb3a5beee30a536b0244d1069d82e46b,671b4ee69776b731ae79973ef7ceca98b6b19f8ccbbdb1e1b4ba6ffc79e10055,05cd2982c744b5a40f3ef547373fe6dada31c5bdb4db2247a04651eea0f8aee2,46f3423e9761374135db528a911252475a6f2a0e3e4dcc332b6a0109c41f80e2,81b2d9d9a0afc45428a9b4863e8669fdb1f0db20c689ffc2bd019c0ddc5fffed,real_dataset_prefix,cc57219e9d06edb0ecb18987b5b61abd0458fdd907962a45513c59a2bf79a023,https://snap.stanford.edu/data/wiki-talk-temporal.txt.gz,2026-07-17T02:50:22.947063+00:00
WT,TGN,TempGNN,21,1,1000,1.353321432,33.285713,45.046268264,168.000,168.000,168.000,168.000,0.002000,0.000000,PASS,13,33.111873,33.414336,2289,477098897142790046,13605354566109624010,477098897142790046,13605354566109624010,PASS,477098897142790046,13605354566109624010,PASS,d15e26792288bdb21f1f4409c18473869f828e40a9e99ee9cea762f91e6dba29,61ebbe26c71a7a00c1fffb9681bf1ce76703d0b59571c638bb84474d1f6fa087,05cd2982c744b5a40f3ef547373fe6dada31c5bdb4db2247a04651eea0f8aee2,46f3423e9761374135db528a911252475a6f2a0e3e4dcc332b6a0109c41f80e2,d293956bc5f7a865e57b5a110535455c7901f989d289c884b73d463d496193ec,real_dataset_prefix,cc57219e9d06edb0ecb18987b5b61abd0458fdd907962a45513c59a2bf79a023,https://snap.stanford.edu/data/wiki-talk-temporal.txt.gz,2026-07-17T02:50:29.923090+00:00
WT,TGN,TempGNN,21,2,1000,1.343894431,33.199617,44.616780404,168.000,168.000,168.000,168.000,0.002000,0.000000,PASS,13,33.121257,33.316254,2289,477098897142790046,13605354566109624010,477098897142790046,13605354566109624010,PASS,477098897142790046,13605354566109624010,PASS,d15e26792288bdb21f1f4409c18473869f828e40a9e99ee9cea762f91e6dba29,61ebbe26c71a7a00c1fffb9681bf1ce76703d0b59571c638bb84474d1f6fa087,05cd2982c744b5a40f3ef547373fe6dada31c5bdb4db2247a04651eea0f8aee2,46f3423e9761374135db528a911252475a6f2a0e3e4dcc332b6a0109c41f80e2,d293956bc5f7a865e57b5a110535455c7901f989d289c884b73d463d496193ec,real_dataset_prefix,cc57219e9d06edb0ecb18987b5b61abd0458fdd907962a45513c59a2bf79a023,https://snap.stanford.edu/data/wiki-talk-temporal.txt.gz,2026-07-17T02:50:34.723276+00:00
WT,TGN,TempGNN,21,3,1000,1.359279575,33.305563,45.271571950,168.000,168.000,168.000,168.000,0.002000,0.000000,PASS,13,33.190388,33.448914,2289,477098897142790046,13605354566109624010,477098897142790046,13605354566109624010,PASS,477098897142790046,13605354566109624010,PASS,d15e26792288bdb21f1f4409c18473869f828e40a9e99ee9cea762f91e6dba29,61ebbe26c71a7a00c1fffb9681bf1ce76703d0b59571c638bb84474d1f6fa087,05cd2982c744b5a40f3ef547373fe6dada31c5bdb4db2247a04651eea0f8aee2,46f3423e9761374135db528a911252475a6f2a0e3e4dcc332b6a0109c41f80e2,d293956bc5f7a865e57b5a110535455c7901f989d289c884b73d463d496193ec,real_dataset_prefix,cc57219e9d06edb0ecb18987b5b61abd0458fdd907962a45513c59a2bf79a023,https://snap.stanford.edu/data/wiki-talk-temporal.txt.gz,2026-07-17T02:50:39.415748+00:00
WT,TGAT,TempGNN,21,1,1000,1.343445366,33.254333,44.675379875,168.000,168.000,168.000,168.000,0.002000,0.000000,PASS,13,33.206424,33.346901,2200,61369539177728557,16223042892451517983,61369539177728557,16223042892451517983,PASS,61369539177728557,16223042892451517983,PASS,f5e9cf0a935218d0a87b281ba947032c68ef93da7a25ae219d7603055e600ce6,7b8c05f6bf64fd9b1e2d5ece08f5ee19254d0273fa6d65621bc13df383e68382,05cd2982c744b5a40f3ef547373fe6dada31c5bdb4db2247a04651eea0f8aee2,46f3423e9761374135db528a911252475a6f2a0e3e4dcc332b6a0109c41f80e2,2c29dae51cd5a5196750571adecdd846df5cb2a1f15b2d3703d4d770625191e7,real_dataset_prefix,cc57219e9d06edb0ecb18987b5b61abd0458fdd907962a45513c59a2bf79a023,https://snap.stanford.edu/data/wiki-talk-temporal.txt.gz,2026-07-17T02:50:45.995519+00:00
WT,TGAT,TempGNN,21,2,1000,1.358309357,33.196322,45.090874445,168.000,168.000,168.000,168.000,0.002000,0.000000,PASS,12,33.166209,33.259984,2200,61369539177728557,16223042892451517983,61369539177728557,16223042892451517983,PASS,61369539177728557,16223042892451517983,PASS,f5e9cf0a935218d0a87b281ba947032c68ef93da7a25ae219d7603055e600ce6,7b8c05f6bf64fd9b1e2d5ece08f5ee19254d0273fa6d65621bc13df383e68382,05cd2982c744b5a40f3ef547373fe6dada31c5bdb4db2247a04651eea0f8aee2,46f3423e9761374135db528a911252475a6f2a0e3e4dcc332b6a0109c41f80e2,2c29dae51cd5a5196750571adecdd846df5cb2a1f15b2d3703d4d770625191e7,real_dataset_prefix,cc57219e9d06edb0ecb18987b5b61abd0458fdd907962a45513c59a2bf79a023,https://snap.stanford.edu/data/wiki-talk-temporal.txt.gz,2026-07-17T02:50:50.704144+00:00
WT,TGAT,TempGNN,21,3,1000,1.363923524,33.518283,45.716374026,168.000,168.000,168.000,168.000,0.002000,0.000000,PASS,13,33.187665,33.676957,2200,61369539177728557,16223042892451517983,61369539177728557,16223042892451517983,PASS,61369539177728557,16223042892451517983,PASS,f5e9cf0a935218d0a87b281ba947032c68ef93da7a25ae219d7603055e600ce6,7b8c05f6bf64fd9b1e2d5ece08f5ee19254d0273fa6d65621bc13df383e68382,05cd2982c744b5a40f3ef547373fe6dada31c5bdb4db2247a04651eea0f8aee2,46f3423e9761374135db528a911252475a6f2a0e3e4dcc332b6a0109c41f80e2,2c29dae51cd5a5196750571adecdd846df5cb2a1f15b2d3703d4d770625191e7,real_dataset_prefix,cc57219e9d06edb0ecb18987b5b61abd0458fdd907962a45513c59a2bf79a023,https://snap.stanford.edu/data/wiki-talk-temporal.txt.gz,2026-07-17T02:50:55.463042+00:00
WT,APAN,TempGNN,21,1,1000,0.849907831,33.086992,28.120893284,168.000,168.000,168.000,168.000,0.002000,0.000000,PASS,13,32.948911,33.218436,3625,18271384188866116326,5059784464759660313,18271384188866116326,5059784464759660313,PASS,18271384188866116326,5059784464759660313,PASS,02d64e4f22457ec5e0019e93dd5c43c218b89d69111150bf08549850220d7dab,c69cd5d941ad658b7f78de654048c73055829079b51e295673b2d74adb1ecd53,05cd2982c744b5a40f3ef547373fe6dada31c5bdb4db2247a04651eea0f8aee2,46f3423e9761374135db528a911252475a6f2a0e3e4dcc332b6a0109c41f80e2,62adb30b5a4183dbc56ce3cfda739d8da81393a3881b11c2b05abdde65c7ffaa,real_dataset_prefix,cc57219e9d06edb0ecb18987b5b61abd0458fdd907962a45513c59a2bf79a023,https://snap.stanford.edu/data/wiki-talk-temporal.txt.gz,2026-07-17T02:51:02.423189+00:00
WT,APAN,TempGNN,21,2,1000,0.846760150,33.310650,28.206130611,168.000,168.000,168.000,168.000,0.002000,0.000000,PASS,13,33.263688,33.391536,3625,18271384188866116326,5059784464759660313,18271384188866116326,5059784464759660313,PASS,18271384188866116326,5059784464759660313,PASS,02d64e4f22457ec5e0019e93dd5c43c218b89d69111150bf08549850220d7dab,c69cd5d941ad658b7f78de654048c73055829079b51e295673b2d74adb1ecd53,05cd2982c744b5a40f3ef547373fe6dada31c5bdb4db2247a04651eea0f8aee2,46f3423e9761374135db528a911252475a6f2a0e3e4dcc332b6a0109c41f80e2,62adb30b5a4183dbc56ce3cfda739d8da81393a3881b11c2b05abdde65c7ffaa,real_dataset_prefix,cc57219e9d06edb0ecb18987b5b61abd0458fdd907962a45513c59a2bf79a023,https://snap.stanford.edu/data/wiki-talk-temporal.txt.gz,2026-07-17T02:51:07.073793+00:00
WT,APAN,TempGNN,21,3,1000,0.840327323,33.283510,27.969043192,168.000,168.000,168.000,168.000,0.002000,0.000000,PASS,13,33.031730,33.449290,3625,18271384188866116326,5059784464759660313,18271384188866116326,5059784464759660313,PASS,18271384188866116326,5059784464759660313,PASS,02d64e4f22457ec5e0019e93dd5c43c218b89d69111150bf08549850220d7dab,c69cd5d941ad658b7f78de654048c73055829079b51e295673b2d74adb1ecd53,05cd2982c744b5a40f3ef547373fe6dada31c5bdb4db2247a04651eea0f8aee2,46f3423e9761374135db528a911252475a6f2a0e3e4dcc332b6a0109c41f80e2,62adb30b5a4183dbc56ce3cfda739d8da81393a3881b11c2b05abdde65c7ffaa,real_dataset_prefix,cc57219e9d06edb0ecb18987b5b61abd0458fdd907962a45513c59a2bf79a023,https://snap.stanford.edu/data/wiki-talk-temporal.txt.gz,2026-07-17T02:51:11.895415+00:00
GT,JODIE,TempGNN,21,1,1000,0.580603437,33.323716,19.347864212,168.000,168.000,168.000,168.000,0.002000,0.000000,PASS,13,33.146504,33.384730,5402,14638145514190915,10116388253954692045,14638145514190915,10116388253954692045,PASS,14638145514190915,10116388253954692045,PASS,e358fee07f450be2604711981fcaf5935e5730170baecfcba3235584e8388509,9769db676ad7a3c0fcc1d4e53cc3e3a93e60efa526ac2d9ed804bd9dc98113fc,05cd2982c744b5a40f3ef547373fe6dada31c5bdb4db2247a04651eea0f8aee2,46f3423e9761374135db528a911252475a6f2a0e3e4dcc332b6a0109c41f80e2,4dcb50c3e5836c7c20f925699795fe7fb2e503d53b54a97201177720d1964a4c,real_dataset_prefix,aa50a9bfcff82ed39fd3158a61670060970a2e0414ee1cd05e876c69d2d25836,https://s3.us-west-2.amazonaws.com/dgl-data/dataset/tgl/GDELT/edges.csv,2026-07-17T02:51:18.751430+00:00
GT,JODIE,TempGNN,21,2,1000,0.581241786,33.335354,19.375900594,168.000,168.000,168.000,168.000,0.002000,0.000000,PASS,13,33.176872,33.470571,5402,14638145514190915,10116388253954692045,14638145514190915,10116388253954692045,PASS,14638145514190915,10116388253954692045,PASS,e358fee07f450be2604711981fcaf5935e5730170baecfcba3235584e8388509,9769db676ad7a3c0fcc1d4e53cc3e3a93e60efa526ac2d9ed804bd9dc98113fc,05cd2982c744b5a40f3ef547373fe6dada31c5bdb4db2247a04651eea0f8aee2,46f3423e9761374135db528a911252475a6f2a0e3e4dcc332b6a0109c41f80e2,4dcb50c3e5836c7c20f925699795fe7fb2e503d53b54a97201177720d1964a4c,real_dataset_prefix,aa50a9bfcff82ed39fd3158a61670060970a2e0414ee1cd05e876c69d2d25836,https://s3.us-west-2.amazonaws.com/dgl-data/dataset/tgl/GDELT/edges.csv,2026-07-17T02:51:23.663177+00:00
GT,JODIE,TempGNN,21,3,1000,0.581702337,33.299083,19.370154327,168.000,168.000,168.000,168.000,0.002000,0.000000,PASS,13,33.096360,33.462493,5402,14638145514190915,10116388253954692045,14638145514190915,10116388253954692045,PASS,14638145514190915,10116388253954692045,PASS,e358fee07f450be2604711981fcaf5935e5730170baecfcba3235584e8388509,9769db676ad7a3c0fcc1d4e53cc3e3a93e60efa526ac2d9ed804bd9dc98113fc,05cd2982c744b5a40f3ef547373fe6dada31c5bdb4db2247a04651eea0f8aee2,46f3423e9761374135db528a911252475a6f2a0e3e4dcc332b6a0109c41f80e2,4dcb50c3e5836c7c20f925699795fe7fb2e503d53b54a97201177720d1964a4c,real_dataset_prefix,aa50a9bfcff82ed39fd3158a61670060970a2e0414ee1cd05e876c69d2d25836,https://s3.us-west-2.amazonaws.com/dgl-data/dataset/tgl/GDELT/edges.csv,2026-07-17T02:51:28.563128+00:00
GT,TGN,TempGNN,21,1,1000,1.936723551,33.151575,64.205435763,168.000,168.000,168.000,168.000,0.002000,0.000000,PASS,13,32.972602,33.322470,1573,17882390600161173738,12852359756709234513,17882390600161173738,12852359756709234513,PASS,17882390600161173738,12852359756709234513,PASS,7d54b216b63e564d6cb30e0c35192a1edcf81a10405269943f0fa23f329f5185,30ff72ee5b312162080272bf8505fa678907573e5b5e0ad151ddc54388a9cf0d,05cd2982c744b5a40f3ef547373fe6dada31c5bdb4db2247a04651eea0f8aee2,46f3423e9761374135db528a911252475a6f2a0e3e4dcc332b6a0109c41f80e2,fc19fd3f9635b3577c53a41a102128681464083fedc3ccb4385ae66dfd89667e,real_dataset_prefix,aa50a9bfcff82ed39fd3158a61670060970a2e0414ee1cd05e876c69d2d25836,https://s3.us-west-2.amazonaws.com/dgl-data/dataset/tgl/GDELT/edges.csv,2026-07-17T02:51:35.107527+00:00
GT,TGN,TempGNN,21,2,1000,1.917503197,33.268277,63.792026870,168.000,168.000,168.000,168.000,0.002000,0.000000,PASS,12,33.006633,33.448664,1573,17882390600161173738,12852359756709234513,17882390600161173738,12852359756709234513,PASS,17882390600161173738,12852359756709234513,PASS,7d54b216b63e564d6cb30e0c35192a1edcf81a10405269943f0fa23f329f5185,30ff72ee5b312162080272bf8505fa678907573e5b5e0ad151ddc54388a9cf0d,05cd2982c744b5a40f3ef547373fe6dada31c5bdb4db2247a04651eea0f8aee2,46f3423e9761374135db528a911252475a6f2a0e3e4dcc332b6a0109c41f80e2,fc19fd3f9635b3577c53a41a102128681464083fedc3ccb4385ae66dfd89667e,real_dataset_prefix,aa50a9bfcff82ed39fd3158a61670060970a2e0414ee1cd05e876c69d2d25836,https://s3.us-west-2.amazonaws.com/dgl-data/dataset/tgl/GDELT/edges.csv,2026-07-17T02:51:39.642004+00:00
GT,TGN,TempGNN,21,3,1000,1.928301552,33.435926,64.474547992,168.000,168.000,168.000,168.000,0.002000,0.000000,PASS,13,33.299094,33.595523,1573,17882390600161173738,12852359756709234513,17882390600161173738,12852359756709234513,PASS,17882390600161173738,12852359756709234513,PASS,7d54b216b63e564d6cb30e0c35192a1edcf81a10405269943f0fa23f329f5185,30ff72ee5b312162080272bf8505fa678907573e5b5e0ad151ddc54388a9cf0d,05cd2982c744b5a40f3ef547373fe6dada31c5bdb4db2247a04651eea0f8aee2,46f3423e9761374135db528a911252475a6f2a0e3e4dcc332b6a0109c41f80e2,fc19fd3f9635b3577c53a41a102128681464083fedc3ccb4385ae66dfd89667e,real_dataset_prefix,aa50a9bfcff82ed39fd3158a61670060970a2e0414ee1cd05e876c69d2d25836,https://s3.us-west-2.amazonaws.com/dgl-data/dataset/tgl/GDELT/edges.csv,2026-07-17T02:51:44.427487+00:00
GT,TGAT,TempGNN,21,1,1000,1.940043966,33.352583,64.705478288,168.000,168.000,168.000,168.000,0.002000,0.000000,PASS,13,33.218964,33.426886,1579,18179912352135783800,8860040620202253342,18179912352135783800,8860040620202253342,PASS,18179912352135783800,8860040620202253342,PASS,1888bcaa719f125c52d43c3f99d9e179c7740fa5d61b8843bdb5d2ca643197ef,6f19516b2b40b26f285e9782bad3bc25bc28af54b5e60e17bf380a728a10cb3b,05cd2982c744b5a40f3ef547373fe6dada31c5bdb4db2247a04651eea0f8aee2,46f3423e9761374135db528a911252475a6f2a0e3e4dcc332b6a0109c41f80e2,5262569d9be2b9addcc08f873e15e87de900df7c2dd051584082cce28851a189,real_dataset_prefix,aa50a9bfcff82ed39fd3158a61670060970a2e0414ee1cd05e876c69d2d25836,https://s3.us-west-2.amazonaws.com/dgl-data/dataset/tgl/GDELT/edges.csv,2026-07-17T02:51:51.151443+00:00
GT,TGAT,TempGNN,21,2,1000,1.921578820,33.429809,64.238012176,168.000,168.000,168.000,168.000,0.002000,0.000000,PASS,13,33.250279,33.580614,1579,18179912352135783800,8860040620202253342,18179912352135783800,8860040620202253342,PASS,18179912352135783800,8860040620202253342,PASS,1888bcaa719f125c52d43c3f99d9e179c7740fa5d61b8843bdb5d2ca643197ef,6f19516b2b40b26f285e9782bad3bc25bc28af54b5e60e17bf380a728a10cb3b,05cd2982c744b5a40f3ef547373fe6dada31c5bdb4db2247a04651eea0f8aee2,46f3423e9761374135db528a911252475a6f2a0e3e4dcc332b6a0109c41f80e2,5262569d9be2b9addcc08f873e15e87de900df7c2dd051584082cce28851a189,real_dataset_prefix,aa50a9bfcff82ed39fd3158a61670060970a2e0414ee1cd05e876c69d2d25836,https://s3.us-west-2.amazonaws.com/dgl-data/dataset/tgl/GDELT/edges.csv,2026-07-17T02:51:56.011350+00:00
GT,TGAT,TempGNN,21,3,1000,1.940378999,33.317126,64.647851588,168.000,168.000,168.000,168.000,0.002000,0.000000,PASS,12,33.080966,33.504452,1579,18179912352135783800,8860040620202253342,18179912352135783800,8860040620202253342,PASS,18179912352135783800,8860040620202253342,PASS,1888bcaa719f125c52d43c3f99d9e179c7740fa5d61b8843bdb5d2ca643197ef,6f19516b2b40b26f285e9782bad3bc25bc28af54b5e60e17bf380a728a10cb3b,05cd2982c744b5a40f3ef547373fe6dada31c5bdb4db2247a04651eea0f8aee2,46f3423e9761374135db528a911252475a6f2a0e3e4dcc332b6a0109c41f80e2,5262569d9be2b9addcc08f873e15e87de900df7c2dd051584082cce28851a189,real_dataset_prefix,aa50a9bfcff82ed39fd3158a61670060970a2e0414ee1cd05e876c69d2d25836,https://s3.us-west-2.amazonaws.com/dgl-data/dataset/tgl/GDELT/edges.csv,2026-07-17T02:52:00.570305+00:00
GT,APAN,TempGNN,21,1,1000,1.009272089,33.278107,33.586664487,168.000,168.000,168.000,168.000,0.002000,0.000000,PASS,13,33.264896,33.290102,3084,569697812859214636,14717563703119023243,569697812859214636,14717563703119023243,PASS,569697812859214636,14717563703119023243,PASS,2d3935b6a5fb5216b0cc4b87aef2bef7b9a171ce1aadd578fa238a0657c36a1a,9c9ee7484c719908bef51a92fa449840a73e2363cd95ca4cc9009b959a1b3fe7,05cd2982c744b5a40f3ef547373fe6dada31c5bdb4db2247a04651eea0f8aee2,46f3423e9761374135db528a911252475a6f2a0e3e4dcc332b6a0109c41f80e2,fcef323b0791af633b83615e559138d0faa376131b1cb7310e0ece7c4112c371,real_dataset_prefix,aa50a9bfcff82ed39fd3158a61670060970a2e0414ee1cd05e876c69d2d25836,https://s3.us-west-2.amazonaws.com/dgl-data/dataset/tgl/GDELT/edges.csv,2026-07-17T02:52:07.100909+00:00
GT,APAN,TempGNN,21,2,1000,1.014719609,33.436570,33.928743537,168.000,168.000,168.000,168.000,0.002000,0.000000,PASS,13,32.962024,33.861942,3084,569697812859214636,14717563703119023243,569697812859214636,14717563703119023243,PASS,569697812859214636,14717563703119023243,PASS,2d3935b6a5fb5216b0cc4b87aef2bef7b9a171ce1aadd578fa238a0657c36a1a,9c9ee7484c719908bef51a92fa449840a73e2363cd95ca4cc9009b959a1b3fe7,05cd2982c744b5a40f3ef547373fe6dada31c5bdb4db2247a04651eea0f8aee2,46f3423e9761374135db528a911252475a6f2a0e3e4dcc332b6a0109c41f80e2,fcef323b0791af633b83615e559138d0faa376131b1cb7310e0ece7c4112c371,real_dataset_prefix,aa50a9bfcff82ed39fd3158a61670060970a2e0414ee1cd05e876c69d2d25836,https://s3.us-west-2.amazonaws.com/dgl-data/dataset/tgl/GDELT/edges.csv,2026-07-17T02:52:11.915794+00:00
GT,APAN,TempGNN,21,3,1000,0.982954736,33.345108,32.776731455,168.000,168.000,168.000,168.000,0.002000,0.000000,PASS,13,33.158170,33.531539,3084,569697812859214636,14717563703119023243,569697812859214636,14717563703119023243,PASS,569697812859214636,14717563703119023243,PASS,2d3935b6a5fb5216b0cc4b87aef2bef7b9a171ce1aadd578fa238a0657c36a1a,9c9ee7484c719908bef51a92fa449840a73e2363cd95ca4cc9009b959a1b3fe7,05cd2982c744b5a40f3ef547373fe6dada31c5bdb4db2247a04651eea0f8aee2,46f3423e9761374135db528a911252475a6f2a0e3e4dcc332b6a0109c41f80e2,fcef323b0791af633b83615e559138d0faa376131b1cb7310e0ece7c4112c371,real_dataset_prefix,aa50a9bfcff82ed39fd3158a61670060970a2e0414ee1cd05e876c69d2d25836,https://s3.us-west-2.amazonaws.com/dgl-data/dataset/tgl/GDELT/edges.csv,2026-07-17T02:52:16.731445+00:00
