dataset,model,coverage,events,vertices,batches,batch_size,endpoint,fanout,depth,tdp_entries,frequency_mhz,total_packets,memory_packets,hash_hits,packet_hit_rate,packet_reuse_rate,packet_reuse_factor,hash_collision_insert_rate,full_bucket_fallback_rate,collision_probe_per_insert,sync_stall_rate,sync_stall_cycles_per_batch,offchip_reduction_vs_no_sharing,latency_ms_avg,latency_ms_p50,latency_ms_p95,latency_ms_p99,batching_span_p50,batching_span_p95,batching_span_p99,notes
WIKI,JODIE,full,157474,9228,157,1000,dst,0,0,16,225.0,157000,157000,0,0.0,0.0,1.0,0.0032802547770700635,0.0,0.0032802547770700635,0.0,0.0,0.0,0.04780444444444444,0.04780444444444444,0.04780444444444444,0.04780444444444444,16181.0,24622.0,27727.0,"Real TGL edge stream; memory reduction is vs no-sharing/no-OATS, separate from the RTGA comparison run. Sync stall is a cycle-model proxy."
WIKI,TGAT,full,157474,9228,157,1000,dst,10,1,16,225.0,3603229,2705391,897838,0.24917594746267863,0.24917594746267857,1.331869958907973,0.06529481320814626,6.283749742643485e-06,0.06844371109388625,3.0040352776737096e-06,0.535031847133758,0.24917594746267857,0.7915750318471337,0.8126222222222222,0.8743822222222222,0.8976711111111111,16181.0,24622.0,27727.0,"Real TGL edge stream; memory reduction is vs no-sharing/no-OATS, separate from the RTGA comparison run. Sync stall is a cycle-model proxy."
WIKI,TGN,full,157474,9228,157,1000,dst,20,2,16,225.0,8711679,6486592,2225087,0.2554142548181585,0.2554142548181585,1.343028665900368,0.15145194888163152,0.00013073120677236985,0.16998155580002566,3.970666162271741e-06,1.6815286624203822,0.2554142548181585,1.882167983014862,1.9765688888888888,2.2325155555555556,2.28016,16181.0,24622.0,27727.0,"Real TGL edge stream; memory reduction is vs no-sharing/no-OATS, separate from the RTGA comparison run. Sync stall is a cycle-model proxy."
WIKI,APAN,full,157474,9228,157,1000,dst,20,2,16,225.0,8711679,6486592,2225087,0.2554142548181585,0.2554142548181585,1.343028665900368,0.15145194888163152,0.00013073120677236985,0.16998155580002566,3.970666162271741e-06,1.6815286624203822,0.2554142548181585,1.882167983014862,1.9765688888888888,2.2325155555555556,2.28016,16181.0,24622.0,27727.0,"Real TGL edge stream; memory reduction is vs no-sharing/no-OATS, separate from the RTGA comparison run. Sync stall is a cycle-model proxy."
MOOC,JODIE,full,411749,7047,411,1000,dst,0,0,16,225.0,244444,244444,0,0.0,0.0,1.0,0.0028350051545548267,0.0,0.0028350051545548267,0.0,0.0,0.0,0.03702241686942417,0.04211555555555556,0.04780444444444444,0.04780444444444444,4026.0,30821.0,34101.0,"Real TGL edge stream; memory reduction is vs no-sharing/no-OATS, separate from the RTGA comparison run. Sync stall is a cycle-model proxy."
MOOC,TGAT,full,411749,7047,411,1000,dst,10,1,16,225.0,6955576,5291781,1663795,0.2392030509047705,0.23920305090477045,1.3144111594943177,0.06709385743665507,5.480196553863435e-06,0.07063217468750124,0.000904857495134353,120.99270072992701,0.23920305090477045,0.5942873208975399,0.6010844444444444,1.0392533333333334,1.0669511111111112,4026.0,30821.0,34101.0,"Real TGL edge stream; memory reduction is vs no-sharing/no-OATS, separate from the RTGA comparison run. Sync stall is a cycle-model proxy."
MOOC,TGN,full,411749,7047,411,1000,dst,20,2,16,225.0,25901547,17921910,7979637,0.30807569138630986,0.30807569138630986,1.4452447869674605,0.20669381779062612,0.0006201905935249089,0.24623820786958533,0.00021925572864135514,97.95620437956204,0.30807569138630986,1.9856307110029738,1.9724444444444444,3.6112533333333334,3.7414044444444445,4026.0,30821.0,34101.0,"Real TGL edge stream; memory reduction is vs no-sharing/no-OATS, separate from the RTGA comparison run. Sync stall is a cycle-model proxy."
MOOC,APAN,full,411749,7047,411,1000,dst,20,2,16,225.0,25901547,17921910,7979637,0.30807569138630986,0.30807569138630986,1.4452447869674605,0.20669381779062612,0.0006201905935249089,0.24623820786958533,0.00021925572864135514,97.95620437956204,0.30807569138630986,1.9856307110029738,1.9724444444444444,3.6112533333333334,3.7414044444444445,4026.0,30821.0,34101.0,"Real TGL edge stream; memory reduction is vs no-sharing/no-OATS, separate from the RTGA comparison run. Sync stall is a cycle-model proxy."
REDDIT,JODIE,stride=10,672447,10985,68,1000,dst,0,0,16,225.0,41885,41885,0,0.0,0.0,1.0,0.002435239345827862,0.0,0.002435239345827862,0.0,0.0,0.0,0.0403840522875817,0.04069333333333333,0.04780444444444444,0.04780444444444444,3646.758000000147,5578.671000000089,6635.915000000037,"Real TGL edge stream; memory reduction is vs no-sharing/no-OATS, separate from the RTGA comparison run. Sync stall is a cycle-model proxy."
REDDIT,TGAT,stride=10,672447,10985,68,1000,dst,10,1,16,225.0,1169552,1098391,71161,0.06084466530774177,0.060844665307741796,1.0647865832840946,0.06641623975433156,2.731267827212714e-06,0.06982941411573838,9.608179834155074e-05,16.058823529411764,0.060844665307741796,0.7428311111111111,0.7127644444444444,1.1361066666666666,1.1753955555555555,3646.758000000147,5578.671000000089,6635.915000000037,"Real TGL edge stream; memory reduction is vs no-sharing/no-OATS, separate from the RTGA comparison run. Sync stall is a cycle-model proxy."
REDDIT,TGN,stride=10,672447,10985,68,1000,dst,20,2,16,225.0,4200447,3904642,295805,0.07042226696349221,0.07042226696349219,1.0757572653267573,0.2145013550538052,0.0006161896532383763,0.256097229912499,3.333624650082034e-05,19.58823529411765,0.07042226696349219,2.611536470588235,2.559111111111111,4.195395555555556,4.408302222222222,3646.758000000147,5578.671000000089,6635.915000000037,"Real TGL edge stream; memory reduction is vs no-sharing/no-OATS, separate from the RTGA comparison run. Sync stall is a cycle-model proxy."
REDDIT,APAN,stride=10,672447,10985,68,1000,dst,20,2,16,225.0,4200447,3904642,295805,0.07042226696349221,0.07042226696349219,1.0757572653267573,0.2145013550538052,0.0006161896532383763,0.256097229912499,3.333624650082034e-05,19.58823529411765,0.07042226696349219,2.611536470588235,2.559111111111111,4.195395555555556,4.408302222222222,3646.758000000147,5578.671000000089,6635.915000000037,"Real TGL edge stream; memory reduction is vs no-sharing/no-OATS, separate from the RTGA comparison run. Sync stall is a cycle-model proxy."
LASTFM,JODIE,stride=20,1293103,1980,65,1000,dst,0,0,16,225.0,65000,65000,0,0.0,0.0,1.0,0.003630769230769231,0.0,0.0036461538461538463,0.0,0.0,0.0,0.04780444444444444,0.04780444444444444,0.04780444444444444,0.04780444444444444,85867.0,287307.0,848680.0,"Real TGL edge stream; memory reduction is vs no-sharing/no-OATS, separate from the RTGA comparison run. Sync stall is a cycle-model proxy."
LASTFM,TGAT,stride=20,1293103,1980,65,1000,dst,10,1,16,225.0,1570960,1427571,143389,0.09127476192901156,0.09127476192901152,1.1004426399807785,0.08508718655674569,1.0507358303019605e-05,0.09050828295055027,3.588795779576163e-05,8.123076923076923,0.09127476192901152,1.0059798974358973,1.0613688888888888,1.2603555555555555,1.3023466666666668,85867.0,287307.0,848680.0,"Real TGL edge stream; memory reduction is vs no-sharing/no-OATS, separate from the RTGA comparison run. Sync stall is a cycle-model proxy."
LASTFM,TGN,stride=20,1293103,1980,65,1000,dst,20,2,16,225.0,6177744,5492401,685343,0.1109374231110904,0.11093742311109034,1.1247802190699476,0.28266490374610304,0.001600939188526111,0.35647597471488335,1.4753347548813268e-05,12.738461538461538,0.11093742311109034,3.8374602393162394,3.961031111111111,4.996497777777778,5.308586666666667,85867.0,287307.0,848680.0,"Real TGL edge stream; memory reduction is vs no-sharing/no-OATS, separate from the RTGA comparison run. Sync stall is a cycle-model proxy."
LASTFM,APAN,stride=20,1293103,1980,65,1000,dst,20,2,16,225.0,6177744,5492401,685343,0.1109374231110904,0.11093742311109034,1.1247802190699476,0.28266490374610304,0.001600939188526111,0.35647597471488335,1.4753347548813268e-05,12.738461538461538,0.11093742311109034,3.8374602393162394,3.961031111111111,4.996497777777778,5.308586666666667,85867.0,287307.0,848680.0,"Real TGL edge stream; memory reduction is vs no-sharing/no-OATS, separate from the RTGA comparison run. Sync stall is a cycle-model proxy."
