src,dst,time
0,1,0.0
2,3,0.0
4,1,0.0
5,6,0.0
7,8,0.0
9,10,0.0
6,11,0.0
12,13,0.0
14,15,0.0
14,15,0.0
13,12,0.0
16,17,0.0
16,17,0.0
18,2,0.0
2,18,0.0
2,18,0.0
19,13,0.0
20,12,0.0
15,14,0.0
15,14,0.0
21,22,0.0
23,24,0.0
23,25,0.0
26,27,0.0
24,25,0.0
28,29,0.0
25,30,0.0
25,24,0.0
31,32,0.0
33,34,0.0
33,34,0.0
12,35,0.0
36,37,0.0
12,7,0.0
12,13,0.0
12,38,0.0
12,39,0.0
12,40,0.0
12,40,0.0
36,41,0.0
36,41,0.0
12,4,0.0
12,4,0.0
12,42,0.0
12,42,0.0
35,12,0.0
35,12,0.0
37,12,0.0
37,43,0.0
36,39,0.0
12,44,0.0
14,45,0.0
14,46,0.0
14,47,0.0
48,44,0.0
49,8,0.0
50,51,0.0
52,53,0.0
52,54,0.0
52,55,0.0
56,57,0.0
56,57,0.0
52,4,0.0
52,4,0.0
58,59,0.0
58,60,0.0
58,60,0.0
58,61,0.0
62,63,0.0
64,63,0.0
62,63,0.0
62,31,0.0
65,66,0.0
65,67,0.0
68,7,0.0
69,7,0.0
68,7,0.0
68,7,0.0
68,7,0.0
69,7,0.0
68,4,0.0
68,70,0.0
69,70,0.0
68,4,0.0
71,72,0.0
71,72,0.0
73,74,0.0
73,74,0.0
73,74,0.0
73,75,0.0
73,75,0.0
73,75,0.0
73,76,0.0
73,76,0.0
73,76,0.0
77,78,0.0
79,40,0.0
79,40,0.0
51,80,0.0
81,82,0.0
83,3,0.0
84,85,0.0
84,85,0.0
86,87,0.0
86,87,0.0
81,88,0.0
89,90,0.0
91,44,0.0
86,92,0.0
81,4,0.0
81,93,0.0
80,51,0.0
94,94,0.0
74,73,0.0
74,73,0.0
74,73,0.0
74,77,0.0
95,74,0.0
95,96,0.0
74,78,0.0
74,78,0.0
74,78,0.0
74,75,0.0
74,75,0.0
74,75,0.0
74,76,0.0
74,76,0.0
74,76,0.0
97,75,0.0
98,99,0.0
100,101,0.0
100,101,0.0
100,101,0.0
102,103,0.0
102,103,0.0
7,12,0.0
13,12,0.0
7,56,0.0
7,68,0.0
7,69,0.0
7,104,0.0
7,105,0.0
7,106,0.0
7,82,0.0
7,82,0.0
7,0,0.0
7,107,0.0
7,107,0.0
108,109,0.0
108,109,0.0
7,110,0.0
7,110,0.0
108,111,0.0
112,24,0.0
112,24,0.0
112,24,0.0
113,114,0.0
7,115,0.0
7,115,0.0
16,116,0.0
7,6,0.0
7,117,0.0
108,4,0.0
7,118,0.0
119,4,0.0
119,120,0.0
108,4,0.0
13,4,0.0
119,4,0.0
7,21,0.0
121,4,0.0
7,4,0.0
7,4,0.0
121,4,0.0
13,122,0.0
119,123,0.0
106,7,0.0
82,124,0.0
82,124,0.0
82,125,0.0
82,126,0.0
82,126,0.0
82,127,0.0
82,6,0.0
128,52,0.0
128,52,0.0
3,58,0.0
3,58,0.0
129,130,0.0
131,132,0.0
129,130,0.0
133,134,0.0
128,57,0.0
135,136,0.0
137,138,0.0
133,139,0.0
133,139,0.0
140,93,0.0
140,4,0.0
141,142,0.0
141,143,0.0
144,145,0.0
141,146,0.0
144,4,0.0
144,4,0.0
147,148,0.0
147,148,0.0
149,144,0.0
141,141,0.0
141,143,0.0
150,63,0.0
151,152,0.0
153,154,0.0
1,155,0.0
156,157,0.0
153,158,0.0
153,159,0.0
153,2,0.0
160,161,0.0
160,24,0.0
160,24,0.0
162,40,0.0
1,163,0.0
1,4,0.0
1,164,0.0
1,164,0.0
1,164,0.0
160,4,0.0
160,4,0.0
160,165,0.0
166,167,0.0
166,167,0.0
168,169,0.0
72,170,0.0
155,171,0.0
63,64,0.0
63,150,0.0
172,173,0.0
63,150,0.0
174,172,0.0
63,175,0.0
172,30,0.0
172,30,0.0
172,30,0.0
172,30,0.0
174,174,0.0
176,149,0.0
176,149,0.0
175,63,0.0
175,63,0.0
175,125,0.0
175,2,0.0
175,177,0.0
175,177,0.0
178,4,0.0
179,16,0.0
180,85,0.0
180,85,0.0
53,52,0.0
0,56,0.0
181,62,0.0
181,64,0.0
182,104,0.0
85,183,0.0
85,183,0.0
30,137,0.0
30,137,0.0
30,137,0.0
0,128,0.0
30,172,0.0
30,172,0.0
125,178,0.0
125,175,0.0
125,178,0.0
85,180,0.0
53,184,0.0
185,186,0.0
185,186,0.0
187,54,0.0
187,54,0.0
23,188,0.0
23,188,0.0
23,188,0.0
189,190,0.0
185,191,0.0
0,191,0.0
53,191,0.0
30,99,0.0
158,192,0.0
158,126,0.0
158,24,0.0
158,24,0.0
23,24,0.0
158,167,0.0
193,57,0.0
85,44,0.0
85,44,0.0
158,44,0.0
182,44,0.0
23,194,0.0
125,177,0.0
158,177,0.0
158,195,0.0
182,169,0.0
182,169,0.0
196,169,0.0
196,75,0.0
158,197,0.0
158,197,0.0
198,199,0.0
30,4,0.0
85,4,0.0
200,4,0.0
193,92,0.0
200,4,0.0
30,4,0.0
201,4,0.0
30,4,0.0
30,4,0.0
85,202,0.0
85,4,0.0
85,4,0.0
85,202,0.0
85,4,0.0
0,4,0.0
85,4,0.0
85,4,0.0
85,4,0.0
30,4,0.0
30,203,0.0
158,204,0.0
184,53,0.0
205,22,0.0
205,22,0.0
8,49,0.0
8,56,0.0
8,162,0.0
88,28,0.0
206,4,0.0
8,171,0.0
8,20,0.0
8,207,0.0
8,208,0.0
8,171,0.0
8,208,0.0
209,210,0.0
211,30,0.0
212,158,0.0
211,212,0.0
213,158,0.0
214,215,0.0
214,215,0.0
214,215,0.0
46,14,0.0
46,60,0.0
216,217,0.0
216,217,0.0
218,22,0.0
218,22,0.0
218,75,0.0
218,75,0.0
54,52,0.0
219,220,0.0
54,178,0.0
54,175,0.0
221,87,0.0
222,2,0.0
222,2,0.0
54,177,0.0
54,177,0.0
188,23,0.0
188,23,0.0
223,213,0.0
159,153,0.0
159,153,0.0
191,185,0.0
190,191,0.0
191,9,0.0
191,4,0.0
191,158,0.0
191,53,0.0
22,224,0.0
22,225,0.0
226,205,0.0
226,205,0.0
22,99,0.0
22,99,0.0
226,99,0.0
22,99,0.0
22,130,0.0
22,90,0.0
22,75,0.0
22,75,0.0
22,75,0.0
22,75,0.0
22,21,0.0
22,21,0.0
22,4,0.0
22,4,0.0
22,4,0.0
22,4,0.0
226,205,0.0
226,205,0.0
22,22,0.0
22,22,0.0
22,110,0.0
99,98,0.0
32,158,0.0
99,30,0.0
99,30,0.0
99,22,0.0
99,22,0.0
99,226,0.0
99,22,0.0
99,227,0.0
99,227,0.0
32,90,0.0
32,90,0.0
32,90,0.0
32,228,0.0
32,11,0.0
32,228,0.0
32,228,0.0
32,228,0.0
32,11,0.0
32,11,0.0
229,199,0.0
32,230,0.0
99,4,0.0
99,4,0.0
32,22,0.0
99,99,0.0
32,230,0.0
107,51,0.0
107,7,0.0
107,231,0.0
107,231,0.0
107,232,0.0
233,182,0.0
107,107,0.0
107,107,0.0
107,107,0.0
107,107,0.0
234,107,0.0
234,107,0.0
234,107,0.0
234,235,0.0
234,235,0.0
107,136,0.0
107,236,0.0
107,236,0.0
107,236,0.0
107,136,0.0
107,115,0.0
233,115,0.0
233,115,0.0
233,115,0.0
107,236,0.0
107,236,0.0
107,136,0.0
107,136,0.0
107,136,0.0
234,115,0.0
233,115,0.0
234,115,0.0
234,115,0.0
107,137,0.0
107,137,0.0
107,115,0.0
107,115,0.0
107,107,0.0
107,107,0.0
107,115,0.0
107,115,0.0
107,136,0.0
107,231,0.0
107,231,0.0
107,231,0.0
107,107,0.0
107,107,0.0
234,237,0.0
238,239,0.0
238,239,0.0
238,239,0.0
238,239,0.0
238,239,0.0
238,239,0.0
240,39,0.0
2,153,0.0
2,222,0.0
2,222,0.0
241,30,0.0
241,30,0.0
241,125,0.0
241,30,0.0
241,30,0.0
242,107,0.0
243,244,0.0
242,115,0.0
237,4,0.0
243,4,0.0
245,246,0.0
243,4,0.0
243,4,0.0
237,4,0.0
242,4,0.0
242,4,0.0
237,4,0.0
243,165,0.0
243,165,0.0
247,86,0.0
247,248,0.0
192,7,0.0
249,250,0.0
55,4,0.0
251,6,0.0
239,238,0.0
239,238,0.0
252,7,0.0
252,142,0.0
132,131,0.0
253,30,0.0
254,255,0.0
253,256,0.0
132,257,0.0
130,22,0.0
258,44,0.0
130,4,0.0
130,4,0.0
253,4,0.0
252,4,0.0
259,133,0.0
109,260,0.0
109,260,0.0
110,81,0.0
110,7,0.0
9,128,0.0
261,262,0.0
110,232,0.0
110,232,0.0
263,264,0.0
263,265,0.0
263,265,0.0
110,192,0.0
110,192,0.0
261,230,0.0
110,4,0.0
110,4,0.0
126,266,0.0
267,4,0.0
267,4,0.0
268,4,0.0
66,4,0.0
110,4,0.0
126,4,0.0
126,266,0.0
110,4,0.0
110,4,0.0
126,21,0.0
269,270,0.0
78,77,0.0
78,74,0.0
78,74,0.0
39,7,0.0
39,131,0.0
39,131,0.0
271,226,0.0
227,99,0.0
227,99,0.0
272,273,0.0
274,275,0.0
276,6,0.0
277,4,0.0
134,7,0.0
134,7,0.0
278,279,0.0
278,279,0.0
280,175,0.0
281,4,0.0
281,266,0.0
90,200,0.0
90,32,0.0
90,282,0.0
90,282,0.0
283,44,0.0
284,99,0.0
282,99,0.0
282,90,0.0
282,90,0.0
282,90,0.0
285,51,0.0
286,7,0.0
287,153,0.0
288,33,0.0
288,33,0.0
161,160,0.0
24,158,0.0
24,158,0.0
24,258,0.0
167,289,0.0
167,289,0.0
24,290,0.0
167,289,0.0
167,291,0.0
167,291,0.0
167,291,0.0
24,160,0.0
24,25,0.0
292,290,0.0
292,290,0.0
292,290,0.0
293,44,0.0
294,107,0.0
294,107,0.0
294,295,0.0
294,295,0.0
294,115,0.0
296,40,0.0
297,231,0.0
297,231,0.0
297,234,0.0
297,234,0.0
298,299,0.0
300,51,0.0
301,4,0.0
40,12,0.0
40,12,0.0
40,79,0.0
40,79,0.0
40,74,0.0
40,302,0.0
40,296,0.0
40,57,0.0
40,57,0.0
40,303,0.0
40,303,0.0
40,303,0.0
57,193,0.0
57,40,0.0
57,40,0.0
57,4,0.0
304,304,0.0
305,119,0.0
305,4,0.0
41,36,0.0
41,36,0.0
44,12,0.0
44,158,0.0
44,85,0.0
44,158,0.0
44,85,0.0
44,85,0.0
273,306,0.0
273,306,0.0
273,272,0.0
44,283,0.0
44,293,0.0
28,44,0.0
28,44,0.0
273,307,0.0
273,307,0.0
273,308,0.0
44,307,0.0
273,308,0.0
273,309,0.0
273,309,0.0
44,307,0.0
273,309,0.0
44,255,0.0
44,309,0.0
310,311,0.0
310,137,0.0
312,4,0.0
136,51,0.0
136,51,0.0
115,7,0.0
115,137,0.0
115,137,0.0
115,231,0.0
115,231,0.0
115,231,0.0
115,231,0.0
115,232,0.0
115,107,0.0
136,107,0.0
236,107,0.0
236,107,0.0
236,107,0.0
136,107,0.0
115,107,0.0
136,234,0.0
115,234,0.0
115,107,0.0
115,107,0.0
136,107,0.0
136,107,0.0
115,107,0.0
136,107,0.0
115,107,0.0
115,107,0.0
115,107,0.0
115,107,0.0
136,295,0.0
136,235,0.0
115,115,0.0
136,115,0.0
136,146,0.0
136,146,0.0
115,137,0.0
115,137,0.0
115,136,0.0
136,8,0.0
217,216,0.0
177,175,0.0
177,178,0.0
101,100,0.0
313,290,0.0
75,73,0.0
75,73,0.0
75,73,0.0
75,74,0.0
75,74,0.0
75,74,0.0
75,97,0.0
169,96,0.0
169,182,0.0
169,182,0.0
75,22,0.0
75,22,0.0
75,22,0.0
75,22,0.0
75,22,0.0
75,75,0.0
75,75,0.0
75,314,0.0
75,76,0.0
75,76,0.0
75,76,0.0
315,316,0.0
75,21,0.0
75,169,0.0
75,169,0.0
307,317,0.0
309,318,0.0
307,273,0.0
308,273,0.0
307,44,0.0
308,273,0.0
309,44,0.0
307,307,0.0
307,307,0.0
308,309,0.0
307,307,0.0
319,262,0.0
33,288,0.0
33,288,0.0
33,288,0.0
33,288,0.0
33,288,0.0
33,288,0.0
320,192,0.0
320,192,0.0
250,249,0.0
321,182,0.0
321,182,0.0
321,107,0.0
321,115,0.0
321,115,0.0
321,115,0.0
322,4,0.0
6,30,0.0
6,192,0.0
314,75,0.0
6,6,0.0
6,230,0.0
6,323,0.0
314,323,0.0
314,314,0.0
6,6,0.0
314,323,0.0
314,323,0.0
6,4,0.0
11,7,0.0
11,7,0.0
11,16,0.0
11,16,0.0
11,324,0.0
11,324,0.0
11,324,0.0
11,324,0.0
228,39,0.0
228,325,0.0
228,325,0.0
228,325,0.0
228,325,0.0
11,325,0.0
11,325,0.0
228,282,0.0
228,282,0.0
228,260,0.0
11,326,0.0
11,326,0.0
11,326,0.0
76,73,0.0
76,73,0.0
76,73,0.0
76,74,0.0
76,74,0.0
76,74,0.0
76,75,0.0
76,75,0.0
76,75,0.0
230,32,0.0
230,32,0.0
230,32,0.0
230,32,0.0
327,277,0.0
327,277,0.0
328,136,0.0
328,136,0.0
328,236,0.0
328,236,0.0
328,146,0.0
230,6,0.0
199,6,0.0
199,314,0.0
199,314,0.0
230,6,0.0
199,11,0.0
199,11,0.0
327,11,0.0
327,11,0.0
230,202,0.0
230,202,0.0
59,58,0.0
60,58,0.0
329,38,0.0
316,128,0.0
4,14,0.0
4,14,0.0
4,14,0.0
4,52,0.0
4,52,0.0
4,56,0.0
4,56,0.0
4,52,0.0
4,52,0.0
4,68,0.0
330,51,0.0
4,81,0.0
93,81,0.0
207,7,0.0
117,7,0.0
118,7,0.0
331,7,0.0
331,7,0.0
331,7,0.0
4,119,0.0
332,7,0.0
333,119,0.0
331,7,0.0
4,82,0.0
4,128,0.0
4,128,0.0
4,128,0.0
139,133,0.0
93,140,0.0
4,334,0.0
335,153,0.0
335,153,0.0
335,153,0.0
164,1,0.0
4,160,0.0
4,160,0.0
92,153,0.0
4,336,0.0
4,158,0.0
4,200,0.0
4,30,0.0
164,125,0.0
164,125,0.0
4,201,0.0
4,30,0.0
4,0,0.0
4,0,0.0
208,8,0.0
171,8,0.0
20,8,0.0
207,8,0.0
208,8,0.0
4,337,0.0
4,337,0.0
4,337,0.0
4,226,0.0
4,22,0.0
4,99,0.0
4,99,0.0
4,243,0.0
4,338,0.0
20,242,0.0
20,242,0.0
20,242,0.0
4,243,0.0
4,242,0.0
246,245,0.0
4,242,0.0
339,340,0.0
339,340,0.0
93,340,0.0
4,243,0.0
4,130,0.0
4,130,0.0
4,109,0.0
4,66,0.0
4,267,0.0
20,341,0.0
4,342,0.0
4,342,0.0
202,90,0.0
4,90,0.0
4,90,0.0
266,325,0.0
266,325,0.0
4,57,0.0
92,305,0.0
343,344,0.0
343,344,0.0
21,75,0.0
4,230,0.0
4,230,0.0
4,230,0.0
4,230,0.0
4,4,0.0
4,4,0.0
333,4,0.0
93,4,0.0
4,4,0.0
4,4,0.0
20,4,0.0
266,345,0.0
4,4,0.0
92,4,0.0
246,4,0.0
246,4,0.0
346,346,0.0
92,4,0.0
4,4,0.0
346,346,0.0
4,4,0.0
4,4,0.0
4,4,0.0
47,203,0.0
93,4,0.0
4,347,0.0
4,347,0.0
4,4,0.0
171,8,0.0
4,7,0.0
208,8,0.0
208,8,0.0
4,110,0.0
4,110,0.0
4,4,0.0
4,4,0.0
4,4,0.0
4,140,0.0
4,93,0.0
4,153,0.0
4,4,0.0
4,128,0.0
203,30,0.0
4,30,0.0
203,30,0.0
348,30,0.0
345,349,0.0
350,158,0.0
350,158,0.0
350,351,0.0
348,22,0.0
348,22,0.0
5,39,0.0
345,277,0.0
4,20,0.0
352,352,0.0
4,353,0.0
4,353,0.0
4,246,0.0
4,246,0.0
70,70,0.0
4,4,0.0
70,70,0.0
203,203,0.0
354,144,0.0
354,355,0.0
354,355,0.0
4,356,0.0
4,4,0.0
4,12,0.0
4,12,0.0
4,178,0.0
4,4,0.0
303,357,0.0
358,357,0.0
358,40,0.0
303,40,0.0
303,40,0.0
303,40,0.0
358,358,0.0
148,144,0.0
148,144,0.0
148,144,0.0
148,147,0.0
148,147,0.0
359,65,0.0
23,610,0.0
500,611,0.0
348,4,0.0
612,382,0.0
612,382,0.0
382,612,0.0
382,612,0.0
2,301,0.0
2,301,0.0
301,2,0.0
301,2,0.0
443,191,0.0
396,158,0.0
158,396,0.0
23,128,0.0
23,128,0.0
158,613,0.0
253,167,0.0
267,24,0.0
90,321,0.0
90,321,0.0
613,158,0.0
613,158,0.0
24,267,0.0
24,403,0.0
614,30,0.0
614,24,0.0
615,268,0.0
615,268,0.0
616,268,0.0
616,268,0.0
36,44,0.0
14,171,0.0
617,4,0.0
368,52,0.0
56,618,0.0
56,2,0.0
56,343,0.0
619,20,0.0
52,4,0.0
52,4,0.0
52,368,0.0
368,125,0.0
620,175,0.0
620,175,0.0
621,155,0.0
621,155,0.0
524,7,0.0
62,7,0.0
64,7,0.0
64,524,0.0
524,64,0.0
62,62,0.0
524,230,0.0
622,622,0.0
622,622,0.0
623,624,0.0
625,183,0.0
625,626,0.0
91,387,0.0
81,74,0.0
81,7,0.0
51,220,0.0
86,175,0.0
627,23,0.0
51,55,0.0
91,513,0.0
84,9,0.0
51,66,0.0
84,244,0.0
84,244,0.0
84,244,0.0
84,244,0.0
83,425,0.0
367,628,0.0
51,344,0.0
83,4,0.0
81,339,0.0
51,629,0.0
317,4,0.0
51,165,0.0
94,630,0.0
74,81,0.0
74,81,0.0
387,91,0.0
387,74,0.0
95,544,0.0
387,39,0.0
74,177,0.0
74,177,0.0
74,442,0.0
74,103,0.0
74,103,0.0
387,33,0.0
74,279,0.0
74,279,0.0
97,74,0.0
97,74,0.0
97,74,0.0
97,153,0.0
387,227,0.0
97,76,0.0
631,632,0.0
633,207,0.0
632,631,0.0
100,634,0.0
100,344,0.0
100,344,0.0
7,81,0.0
7,91,0.0
635,144,0.0
635,141,0.0
7,149,0.0
635,144,0.0
7,175,0.0
7,175,0.0
7,179,0.0
7,175,0.0
7,175,0.0
7,0,0.0
7,0,0.0
7,85,0.0
7,233,0.0
7,237,0.0
7,636,0.0
108,120,0.0
7,20,0.0
7,4,0.0
7,606,0.0
7,606,0.0
7,4,0.0
7,4,0.0
7,93,0.0
7,4,0.0
7,70,0.0
7,208,0.0
7,208,0.0
7,347,0.0
82,4,0.0
82,405,0.0
82,4,0.0
637,4,0.0
503,227,0.0
638,52,0.0
129,622,0.0
220,51,0.0
133,86,0.0
3,639,0.0
3,639,0.0
137,640,0.0
137,640,0.0
137,640,0.0
128,243,0.0
128,243,0.0
128,243,0.0
142,641,0.0
334,167,0.0
3,57,0.0
140,642,0.0
140,642,0.0
128,643,0.0
128,643,0.0
128,643,0.0
644,397,0.0
3,4,0.0
3,4,0.0
3,4,0.0
3,4,0.0
142,4,0.0
133,376,0.0
557,91,0.0
144,74,0.0
144,74,0.0
144,74,0.0
149,7,0.0
144,7,0.0
141,635,0.0
144,635,0.0
141,635,0.0
149,149,0.0
149,144,0.0
149,144,0.0
141,144,0.0
141,144,0.0
149,144,0.0
141,144,0.0
149,144,0.0
645,242,0.0
149,90,0.0
149,572,0.0
141,5,0.0
141,5,0.0
144,141,0.0
149,141,0.0
173,646,0.0
160,74,0.0
160,74,0.0
153,97,0.0
153,98,0.0
160,647,0.0
162,191,0.0
153,191,0.0
151,648,0.0
1,92,0.0
160,165,0.0
160,4,0.0
160,165,0.0
153,4,0.0
511,401,0.0
166,103,0.0
166,103,0.0
634,100,0.0
231,231,0.0
124,172,0.0
231,649,0.0
650,4,0.0
650,20,0.0
231,231,0.0
124,172,0.0
155,63,0.0
63,524,0.0
63,62,0.0
172,124,0.0
172,124,0.0
63,72,0.0
174,178,0.0
63,158,0.0
172,191,0.0
172,90,0.0
172,90,0.0
174,230,0.0
174,230,0.0
172,347,0.0
172,347,0.0
174,178,0.0
172,175,0.0
174,230,0.0
519,52,0.0
519,52,0.0
519,52,0.0
175,620,0.0
175,620,0.0
178,74,0.0
175,7,0.0
178,174,0.0
178,174,0.0
178,174,0.0
179,175,0.0
178,651,0.0
178,651,0.0
178,246,0.0
652,653,0.0
654,311,0.0
654,3,0.0
87,655,0.0
189,51,0.0
158,81,0.0
158,81,0.0
23,142,0.0
85,149,0.0
158,63,0.0
158,656,0.0
158,656,0.0
158,656,0.0
264,657,0.0
182,265,0.0
23,658,0.0
158,99,0.0
158,99,0.0
158,99,0.0
531,107,0.0
125,107,0.0
0,235,0.0
158,241,0.0
659,559,0.0
660,564,0.0
660,564,0.0
660,564,0.0
23,567,0.0
30,126,0.0
30,126,0.0
23,435,0.0
158,641,0.0
30,325,0.0
158,286,0.0
23,24,0.0
23,167,0.0
23,167,0.0
23,167,0.0
661,167,0.0
158,24,0.0
23,24,0.0
23,24,0.0
158,24,0.0
23,24,0.0
30,57,0.0
30,57,0.0
30,57,0.0
182,662,0.0
87,663,0.0
660,33,0.0
200,279,0.0
200,279,0.0
30,629,0.0
158,4,0.0
158,602,0.0
30,397,0.0
30,629,0.0
664,4,0.0
0,4,0.0
125,665,0.0
85,666,0.0
667,559,0.0
612,258,0.0
125,368,0.0
668,153,0.0
669,670,0.0
656,158,0.0
656,158,0.0
656,158,0.0
205,107,0.0
671,4,0.0
542,4,0.0
542,4,0.0
206,311,0.0
206,242,0.0
8,630,0.0
8,8,0.0
592,347,0.0
618,56,0.0
212,31,0.0
212,31,0.0
213,327,0.0
213,327,0.0
213,327,0.0
419,74,0.0
419,74,0.0
419,172,0.0
419,63,0.0
419,63,0.0
672,83,0.0
673,206,0.0
651,178,0.0
651,178,0.0
159,422,0.0
159,674,0.0
159,674,0.0
159,674,0.0
191,153,0.0
226,39,0.0
226,466,0.0
22,21,0.0
226,466,0.0
32,99,0.0
32,99,0.0
99,227,0.0
324,227,0.0
324,227,0.0
324,227,0.0
107,205,0.0
107,22,0.0
107,675,0.0
107,676,0.0
107,677,0.0
107,442,0.0
233,442,0.0
233,442,0.0
238,91,0.0
295,91,0.0
235,125,0.0
235,24,0.0
424,246,0.0
237,64,0.0
237,64,0.0
237,62,0.0
237,7,0.0
237,7,0.0
237,7,0.0
237,7,0.0
237,7,0.0
237,7,0.0
237,7,0.0
237,7,0.0
237,399,0.0
237,399,0.0
678,1,0.0
243,4,0.0
243,679,0.0
237,339,0.0
242,4,0.0
242,4,0.0
678,171,0.0
242,4,0.0
680,381,0.0
237,4,0.0
237,4,0.0
237,615,0.0
430,224,0.0
430,224,0.0
681,126,0.0
681,110,0.0
564,660,0.0
564,660,0.0
564,660,0.0
564,660,0.0
559,33,0.0
559,33,0.0
559,33,0.0
564,660,0.0
564,660,0.0
559,33,0.0
55,51,0.0
55,51,0.0
55,51,0.0
55,133,0.0
55,133,0.0
55,20,0.0
55,20,0.0
192,665,0.0
682,683,0.0
682,683,0.0
684,230,0.0
685,4,0.0
685,4,0.0
686,399,0.0
687,16,0.0
132,7,0.0
687,16,0.0
254,158,0.0
688,189,0.0
253,30,0.0
688,189,0.0
565,30,0.0
688,189,0.0
688,189,0.0
258,612,0.0
253,24,0.0
130,24,0.0
253,167,0.0
687,24,0.0
565,24,0.0
130,24,0.0
130,167,0.0
130,403,0.0
130,171,0.0
254,4,0.0
258,382,0.0
66,51,0.0
66,51,0.0
261,200,0.0
435,23,0.0
435,668,0.0
674,159,0.0
110,636,0.0
435,24,0.0
435,24,0.0
267,442,0.0
110,689,0.0
9,4,0.0
267,4,0.0
384,4,0.0
384,4,0.0
110,354,0.0
244,4,0.0
244,246,0.0
244,4,0.0
244,93,0.0
39,95,0.0
227,502,0.0
227,158,0.0
227,324,0.0
227,324,0.0
227,99,0.0
227,324,0.0
437,234,0.0
227,110,0.0
227,110,0.0
227,110,0.0
227,90,0.0
690,24,0.0
227,691,0.0
690,24,0.0
437,677,0.0
227,692,0.0
39,4,0.0
134,3,0.0
134,3,0.0
693,81,0.0
693,397,0.0
630,94,0.0
630,8,0.0
547,694,0.0
547,694,0.0
325,98,0.0
325,30,0.0
90,200,0.0
325,325,0.0
325,325,0.0
325,24,0.0
90,11,0.0
90,21,0.0
90,21,0.0
325,172,0.0
325,347,0.0
473,615,0.0
425,83,0.0
286,224,0.0
286,224,0.0
286,74,0.0
286,74,0.0
288,74,0.0
286,30,0.0
286,663,0.0
425,33,0.0
585,695,0.0
24,129,0.0
24,131,0.0
24,129,0.0
24,142,0.0
24,151,0.0
24,151,0.0
24,30,0.0
24,125,0.0
167,23,0.0
24,23,0.0
24,23,0.0
24,23,0.0
24,158,0.0
24,23,0.0
24,55,0.0
167,130,0.0
167,565,0.0
24,132,0.0
24,267,0.0
24,435,0.0
24,110,0.0
24,267,0.0
24,90,0.0
24,585,0.0
24,24,0.0
24,24,0.0
24,696,0.0
24,24,0.0
24,697,0.0
24,435,0.0
444,167,0.0
24,24,0.0
24,167,0.0
24,24,0.0
24,24,0.0
167,254,0.0
24,167,0.0
698,641,0.0
698,24,0.0
468,699,0.0
468,4,0.0
649,231,0.0
57,362,0.0
57,362,0.0
57,3,0.0
642,140,0.0
642,140,0.0
57,30,0.0
57,30,0.0
57,30,0.0
57,629,0.0
57,629,0.0
588,700,0.0
44,701,0.0
41,171,0.0
44,4,0.0
41,5,0.0
593,21,0.0
593,21,0.0
344,51,0.0
115,107,0.0
115,107,0.0
115,675,0.0
115,684,0.0
115,676,0.0
25,87,0.0
25,30,0.0
403,130,0.0
403,130,0.0
25,24,0.0
403,4,0.0
177,74,0.0
177,74,0.0
31,212,0.0
31,212,0.0
702,36,0.0
702,36,0.0
702,105,0.0
449,90,0.0
449,90,0.0
614,30,0.0
442,74,0.0
443,1,0.0
443,191,0.0
442,107,0.0
442,233,0.0
442,233,0.0
442,267,0.0
703,621,0.0
169,4,0.0
307,200,0.0
663,87,0.0
663,286,0.0
33,175,0.0
33,559,0.0
33,559,0.0
33,559,0.0
33,559,0.0
33,76,0.0
33,203,0.0
704,234,0.0
250,705,0.0
250,705,0.0
321,608,0.0
321,608,0.0
314,449,0.0
314,449,0.0
314,449,0.0
6,6,0.0
6,6,0.0
299,4,0.0
299,706,0.0
11,640,0.0
11,640,0.0
11,90,0.0
599,449,0.0
563,11,0.0
11,563,0.0
76,97,0.0
76,33,0.0
76,707,0.0
707,76,0.0
230,524,0.0
230,524,0.0
230,107,0.0
230,126,0.0
708,709,0.0
708,75,0.0
316,75,0.0
316,75,0.0
316,75,0.0
710,711,0.0
4,617,0.0
4,390,0.0
20,619,0.0
4,52,0.0
343,56,0.0
343,56,0.0
343,56,0.0
629,51,0.0
4,81,0.0
4,74,0.0
4,74,0.0
4,95,0.0
4,95,0.0
4,712,0.0
4,633,0.0
4,633,0.0
4,7,0.0
4,7,0.0
4,713,0.0
4,183,0.0
4,183,0.0
714,7,0.0
120,108,0.0
20,7,0.0
4,7,0.0
606,7,0.0
606,7,0.0
4,119,0.0
15,13,0.0
4,119,0.0
4,183,0.0
454,183,0.0
4,16,0.0
4,82,0.0
93,395,0.0
4,82,0.0
4,82,0.0
4,128,0.0
4,128,0.0
4,128,0.0
4,128,0.0
397,644,0.0
4,1,0.0
4,160,0.0
4,160,0.0
165,160,0.0
4,650,0.0
20,650,0.0
246,178,0.0
715,87,0.0
629,30,0.0
397,30,0.0
4,158,0.0
602,158,0.0
629,30,0.0
4,88,0.0
4,191,0.0
21,22,0.0
21,99,0.0
21,99,0.0
246,424,0.0
246,424,0.0
689,340,0.0
4,242,0.0
339,237,0.0
4,242,0.0
4,243,0.0
4,430,0.0
20,55,0.0
20,55,0.0
665,192,0.0
665,192,0.0
4,55,0.0
4,109,0.0
716,109,0.0
4,267,0.0
4,9,0.0
4,244,0.0
4,244,0.0
246,244,0.0
692,227,0.0
4,39,0.0
500,39,0.0
397,693,0.0
4,717,0.0
4,717,0.0
4,325,0.0
21,90,0.0
21,90,0.0
4,325,0.0
266,325,0.0
4,718,0.0
699,468,0.0
629,57,0.0
629,57,0.0
171,305,0.0
21,593,0.0
21,593,0.0
4,443,0.0
171,442,0.0
171,442,0.0
4,169,0.0
203,33,0.0
203,33,0.0
21,6,0.0
21,6,0.0
4,6,0.0
4,6,0.0
4,299,0.0
4,230,0.0
331,4,0.0
70,4,0.0
4,4,0.0
4,4,0.0
4,354,0.0
4,354,0.0
4,354,0.0
719,608,0.0
719,608,0.0
332,720,0.0
4,93,0.0
4,4,0.0
4,4,0.0
93,153,0.0
4,4,0.0
4,16,0.0
5,721,0.0
5,99,0.0
326,39,0.0
326,39,0.0
5,325,0.0
5,325,0.0
5,441,0.0
5,325,0.0
5,325,0.0
5,325,0.0
5,441,0.0
5,441,0.0
5,441,0.0
5,230,0.0
4,4,0.0
4,4,0.0
5,348,0.0
5,4,0.0
331,4,0.0
331,4,0.0
381,381,0.0
4,4,0.0
347,7,0.0
354,4,0.0
608,719,0.0
608,719,0.0
354,348,0.0
4,354,0.0
303,224,0.0
303,319,0.0
382,7,0.0
382,158,0.0
382,258,0.0
706,299,0.0
722,723,0.0
503,5,0.0
503,5,0.0
503,5,0.0
360,144,0.0
182,44,0.0
4,81,0.0
4,81,0.0
714,267,0.0
5,503,0.0
5,503,0.0
74,800,0.0
800,74,0.0
801,234,0.0
387,54,0.0
74,40,0.0
3,153,0.0
182,44,0.0
212,465,0.0
212,465,0.0
212,465,0.0
212,465,0.0
212,465,0.0
212,465,0.0
212,465,0.0
212,465,0.0
212,465,0.0
212,465,0.0
212,465,0.0
212,465,0.0
212,465,0.0
212,465,0.0
186,11,0.0
186,11,0.0
218,802,0.0
54,387,0.0
54,182,0.0
54,803,0.0
107,801,0.0
107,801,0.0
107,236,0.0
243,4,0.0
242,607,0.0
804,74,0.0
40,74,0.0
40,182,0.0
4,153,0.0
4,153,0.0
4,243,0.0
4,607,0.0
607,4,0.0
77,29,0.0
142,77,0.0
12,44,0.0
12,44,0.0
12,44,0.0
14,805,0.0
311,4,0.0
474,74,0.0
474,74,0.0
474,74,0.0
48,20,0.0
48,20,0.0
48,20,0.0
48,20,0.0
48,474,0.0
806,30,0.0
806,30,0.0
806,4,0.0
368,52,0.0
52,52,0.0
52,7,0.0
52,747,0.0
52,53,0.0
475,57,0.0
475,57,0.0
52,52,0.0
621,6,0.0
621,6,0.0
58,58,0.0
524,62,0.0
64,62,0.0
524,63,0.0
64,63,0.0
64,63,0.0
524,63,0.0
62,172,0.0
64,63,0.0
64,172,0.0
64,0,0.0
64,0,0.0
62,64,0.0
524,63,0.0
524,63,0.0
64,64,0.0
64,64,0.0
62,64,0.0
62,64,0.0
64,321,0.0
807,65,0.0
807,65,0.0
65,65,0.0
807,65,0.0
808,65,0.0
807,809,0.0
65,7,0.0
807,810,0.0
811,2,0.0
811,2,0.0
811,424,0.0
807,626,0.0
808,626,0.0
65,441,0.0
65,812,0.0
65,812,0.0
65,321,0.0
813,16,0.0
65,65,0.0
65,65,0.0
65,626,0.0
807,810,0.0
65,807,0.0
65,807,0.0
65,65,0.0
814,100,0.0
814,100,0.0
815,816,0.0
73,107,0.0
73,107,0.0
801,107,0.0
801,107,0.0
801,39,0.0
801,39,0.0
73,4,0.0
815,354,0.0
73,347,0.0
815,354,0.0
815,354,0.0
815,815,0.0
817,7,0.0
728,14,0.0
86,86,0.0
81,755,0.0
51,3,0.0
51,3,0.0
375,355,0.0
375,355,0.0
81,166,0.0
81,166,0.0
81,166,0.0
224,166,0.0
51,158,0.0
86,238,0.0
81,295,0.0
86,295,0.0
81,2,0.0
81,55,0.0
81,9,0.0
818,819,0.0
81,820,0.0
81,403,0.0
375,821,0.0
375,821,0.0
822,4,0.0
822,4,0.0
822,246,0.0
822,4,0.0
86,4,0.0
86,4,0.0
81,354,0.0
755,86,0.0
755,86,0.0
755,104,0.0
104,144,0.0
104,144,0.0
104,149,0.0
823,144,0.0
104,144,0.0
104,144,0.0
823,144,0.0
104,824,0.0
104,824,0.0
104,146,0.0
104,146,0.0
732,146,0.0
104,146,0.0
104,6,0.0
104,314,0.0
732,246,0.0
732,4,0.0
823,343,0.0
104,343,0.0
104,4,0.0
104,389,0.0
104,389,0.0
104,104,0.0
825,83,0.0
733,826,0.0
74,474,0.0
74,474,0.0
74,474,0.0
95,81,0.0
95,81,0.0
827,86,0.0
828,104,0.0
828,104,0.0
74,104,0.0
95,74,0.0
95,97,0.0
74,74,0.0
74,74,0.0
828,74,0.0
828,95,0.0
95,74,0.0
74,7,0.0
74,7,0.0
74,7,0.0
74,7,0.0
829,144,0.0
829,144,0.0
74,830,0.0
74,72,0.0
74,72,0.0
74,72,0.0
74,172,0.0
74,30,0.0
74,30,0.0
95,205,0.0
74,295,0.0
74,295,0.0
74,559,0.0
74,559,0.0
74,267,0.0
74,267,0.0
828,9,0.0
74,39,0.0
74,39,0.0
74,39,0.0
74,40,0.0
74,40,0.0
74,40,0.0
74,40,0.0
74,40,0.0
74,40,0.0
74,40,0.0
74,31,0.0
74,831,0.0
74,831,0.0
95,321,0.0
95,321,0.0
74,230,0.0
74,230,0.0
387,327,0.0
387,327,0.0
74,230,0.0
387,4,0.0
74,4,0.0
387,4,0.0
74,4,0.0
74,4,0.0
74,4,0.0
74,4,0.0
74,4,0.0
74,266,0.0
387,4,0.0
387,4,0.0
74,832,0.0
74,832,0.0
828,230,0.0
97,95,0.0
74,828,0.0
95,828,0.0
95,830,0.0
95,831,0.0
95,230,0.0
74,74,0.0
74,95,0.0
95,833,0.0
98,325,0.0
98,834,0.0
805,14,0.0
805,14,0.0
639,142,0.0
639,4,0.0
639,4,0.0
639,4,0.0
639,4,0.0
835,380,0.0
835,439,0.0
100,344,0.0
100,716,0.0
100,836,0.0
7,14,0.0
7,807,0.0
7,65,0.0
7,807,0.0
837,104,0.0
7,74,0.0
7,74,0.0
108,637,0.0
7,436,0.0
7,637,0.0
108,637,0.0
7,128,0.0
7,140,0.0
734,735,0.0
734,735,0.0
734,735,0.0
7,140,0.0
734,735,0.0
7,149,0.0
493,176,0.0
7,212,0.0
7,212,0.0
7,212,0.0
7,55,0.0
7,441,0.0
119,838,0.0
7,443,0.0
7,322,0.0
7,322,0.0
7,839,0.0
7,839,0.0
7,4,0.0
7,4,0.0
7,4,0.0
7,20,0.0
7,20,0.0
7,4,0.0
7,20,0.0
7,4,0.0
7,4,0.0
493,4,0.0
119,4,0.0
7,4,0.0
7,4,0.0
7,4,0.0
7,4,0.0
7,266,0.0
119,4,0.0
119,343,0.0
13,4,0.0
13,4,0.0
7,4,0.0
7,4,0.0
108,4,0.0
7,4,0.0
16,4,0.0
840,347,0.0
7,347,0.0
7,347,0.0
7,347,0.0
7,7,0.0
7,7,0.0
841,212,0.0
841,212,0.0
7,4,0.0
810,65,0.0
810,842,0.0
810,74,0.0
436,7,0.0
436,4,0.0
843,844,0.0
82,4,0.0
503,4,0.0
503,4,0.0
503,21,0.0
845,215,0.0
142,729,0.0
142,729,0.0
142,74,0.0
3,387,0.0
142,387,0.0
142,74,0.0
142,74,0.0
142,639,0.0
128,7,0.0
128,153,0.0
128,153,0.0
128,153,0.0
128,153,0.0
3,153,0.0
128,8,0.0
3,8,0.0
3,22,0.0
142,110,0.0
845,626,0.0
131,737,0.0
131,737,0.0
128,146,0.0
133,33,0.0
846,171,0.0
846,171,0.0
142,4,0.0
847,4,0.0
735,171,0.0
735,171,0.0
129,4,0.0
129,4,0.0
128,4,0.0
128,4,0.0
128,4,0.0
128,4,0.0
3,4,0.0
144,104,0.0
144,104,0.0
144,823,0.0
144,823,0.0
144,104,0.0
149,104,0.0
149,104,0.0
149,104,0.0
144,829,0.0
144,829,0.0
149,7,0.0
149,7,0.0
149,144,0.0
144,838,0.0
144,838,0.0
144,383,0.0
144,321,0.0
144,321,0.0
144,230,0.0
144,4,0.0
144,389,0.0
144,389,0.0
144,389,0.0
144,389,0.0
149,149,0.0
149,144,0.0
149,144,0.0
848,159,0.0
160,14,0.0
162,82,0.0
1,133,0.0
151,241,0.0
404,403,0.0
1,314,0.0
153,6,0.0
153,314,0.0
160,4,0.0
160,4,0.0
153,4,0.0
153,171,0.0
1,20,0.0
162,4,0.0
151,160,0.0
494,30,0.0
494,242,0.0
494,327,0.0
494,327,0.0
494,171,0.0
494,171,0.0
166,82,0.0
166,82,0.0
166,82,0.0
166,82,0.0
166,224,0.0
72,7,0.0
72,7,0.0
155,355,0.0
155,355,0.0
155,63,0.0
155,179,0.0
155,179,0.0
72,218,0.0
155,275,0.0
155,275,0.0
506,506,0.0
506,506,0.0
63,62,0.0
63,62,0.0
172,119,0.0
174,174,0.0
63,172,0.0
174,172,0.0
174,172,0.0
172,816,0.0
172,816,0.0
174,31,0.0
172,849,0.0
172,354,0.0
172,354,0.0
850,174,0.0
172,64,0.0
172,64,0.0
172,174,0.0
172,174,0.0
63,63,0.0
172,174,0.0
172,174,0.0
174,850,0.0
174,230,0.0
174,31,0.0
172,31,0.0
360,129,0.0
178,334,0.0
178,334,0.0
175,175,0.0
175,175,0.0
175,158,0.0
407,158,0.0
175,30,0.0
517,30,0.0
175,191,0.0
178,241,0.0
175,547,0.0
175,146,0.0
175,4,0.0
175,851,0.0
175,750,0.0
175,750,0.0
407,750,0.0
30,852,0.0
30,852,0.0
30,806,0.0
30,806,0.0
53,368,0.0
0,62,0.0
0,64,0.0
0,64,0.0
0,64,0.0
0,64,0.0
853,807,0.0
526,81,0.0
410,224,0.0
193,51,0.0
30,51,0.0
410,224,0.0
53,104,0.0
526,827,0.0
158,7,0.0
85,7,0.0
85,810,0.0
30,129,0.0
30,129,0.0
0,128,0.0
85,144,0.0
85,144,0.0
158,830,0.0
30,494,0.0
189,506,0.0
158,407,0.0
30,175,0.0
30,175,0.0
182,854,0.0
158,855,0.0
856,560,0.0
125,54,0.0
125,54,0.0
182,857,0.0
182,857,0.0
87,338,0.0
30,453,0.0
125,562,0.0
30,678,0.0
30,247,0.0
744,210,0.0
125,435,0.0
30,110,0.0
125,126,0.0
125,858,0.0
125,858,0.0
125,858,0.0
85,39,0.0
85,39,0.0
158,167,0.0
125,24,0.0
158,31,0.0
158,19,0.0
158,19,0.0
158,19,0.0
158,19,0.0
125,702,0.0
158,19,0.0
158,19,0.0
158,19,0.0
125,702,0.0
859,75,0.0
859,75,0.0
859,75,0.0
30,75,0.0
158,831,0.0
125,308,0.0
193,860,0.0
23,314,0.0
158,314,0.0
158,314,0.0
816,6,0.0
816,6,0.0
816,6,0.0
816,6,0.0
816,6,0.0
158,314,0.0
158,314,0.0
0,861,0.0
0,4,0.0
85,4,0.0
85,246,0.0
85,246,0.0
85,246,0.0
85,246,0.0
85,246,0.0
85,246,0.0
85,246,0.0
85,246,0.0
85,246,0.0
85,4,0.0
85,246,0.0
0,4,0.0
0,4,0.0
232,4,0.0
30,4,0.0
30,4,0.0
30,4,0.0
193,4,0.0
30,330,0.0
30,455,0.0
30,4,0.0
30,4,0.0
30,4,0.0
318,789,0.0
318,789,0.0
816,107,0.0
862,246,0.0
862,246,0.0
862,246,0.0
862,4,0.0
862,4,0.0
863,206,0.0
864,354,0.0
865,74,0.0
866,74,0.0
205,95,0.0
866,74,0.0
867,24,0.0
8,7,0.0
8,7,0.0
8,30,0.0
8,30,0.0
88,88,0.0
8,405,0.0
8,4,0.0
8,4,0.0
8,4,0.0
8,4,0.0
206,4,0.0
88,88,0.0
868,389,0.0
868,389,0.0
212,869,0.0
212,869,0.0
211,30,0.0
211,212,0.0
211,212,0.0
212,39,0.0
212,39,0.0
212,39,0.0
870,91,0.0
544,871,0.0
218,6,0.0
872,6,0.0
873,314,0.0
873,314,0.0
874,871,0.0
874,875,0.0
874,4,0.0
874,4,0.0
874,789,0.0
833,95,0.0
833,95,0.0
876,153,0.0
265,877,0.0
265,158,0.0
265,560,0.0
766,878,0.0
736,9,0.0
265,267,0.0
879,880,0.0
881,227,0.0
857,182,0.0
857,182,0.0
265,877,0.0
265,560,0.0
736,9,0.0
159,848,0.0
191,175,0.0
159,4,0.0
22,3,0.0
22,142,0.0
22,544,0.0
22,544,0.0
22,99,0.0
22,99,0.0
22,78,0.0
22,78,0.0
22,594,0.0
22,594,0.0
22,75,0.0
22,75,0.0
22,307,0.0
226,309,0.0
22,4,0.0
22,4,0.0
22,4,0.0
22,4,0.0
22,4,0.0
22,789,0.0
22,789,0.0
226,125,0.0
99,158,0.0
99,158,0.0
32,882,0.0
229,158,0.0
229,158,0.0
107,73,0.0
107,73,0.0
107,73,0.0
107,73,0.0
107,73,0.0
107,801,0.0
107,801,0.0
107,16,0.0
107,107,0.0
107,236,0.0
107,354,0.0
107,107,0.0
295,74,0.0
295,74,0.0
295,238,0.0
401,158,0.0
401,158,0.0
394,99,0.0
394,99,0.0
394,99,0.0
394,314,0.0
394,314,0.0
394,6,0.0
394,6,0.0
424,811,0.0
424,811,0.0
2,81,0.0
2,131,0.0
2,131,0.0
424,811,0.0
338,7,0.0
242,3,0.0
29,506,0.0
562,877,0.0
242,125,0.0
242,867,0.0
562,560,0.0
243,394,0.0
883,884,0.0
562,9,0.0
453,244,0.0
453,244,0.0
242,24,0.0
243,383,0.0
243,4,0.0
243,4,0.0
243,4,0.0
243,93,0.0
243,4,0.0
243,4,0.0
243,93,0.0
243,4,0.0
242,93,0.0
242,4,0.0
237,4,0.0
242,456,0.0
242,456,0.0
237,343,0.0
340,4,0.0
237,343,0.0
237,343,0.0
242,4,0.0
243,4,0.0
678,383,0.0
247,387,0.0
247,74,0.0
247,387,0.0
247,74,0.0
247,30,0.0
247,30,0.0
247,30,0.0
247,30,0.0
564,2,0.0
564,2,0.0
564,2,0.0
564,2,0.0
559,2,0.0
564,424,0.0
559,74,0.0
885,886,0.0
885,885,0.0
55,887,0.0
55,81,0.0
192,104,0.0
192,104,0.0
55,888,0.0
55,888,0.0
192,4,0.0
826,733,0.0
210,744,0.0
254,158,0.0
253,889,0.0
253,890,0.0
254,39,0.0
130,4,0.0
130,4,0.0
130,171,0.0
130,716,0.0
130,4,0.0
254,5,0.0
253,5,0.0
130,5,0.0
130,326,0.0
130,326,0.0
626,807,0.0
626,807,0.0
626,577,0.0
110,144,0.0
261,189,0.0
267,198,0.0
575,193,0.0
110,891,0.0
27,453,0.0
126,132,0.0
435,254,0.0
126,403,0.0
261,4,0.0
892,4,0.0
261,4,0.0
880,879,0.0
244,85,0.0
244,237,0.0
893,171,0.0
244,246,0.0
244,246,0.0
244,246,0.0
244,246,0.0
244,246,0.0
893,171,0.0
416,21,0.0
824,104,0.0
824,104,0.0
227,577,0.0
894,140,0.0
342,87,0.0
39,85,0.0
227,99,0.0
277,24,0.0
39,895,0.0
39,895,0.0
39,895,0.0
17,5,0.0
896,382,0.0
897,871,0.0
897,897,0.0
819,818,0.0
472,86,0.0
898,95,0.0
898,95,0.0
898,95,0.0
899,55,0.0
900,901,0.0
547,175,0.0
441,807,0.0
90,172,0.0
90,99,0.0
90,99,0.0
90,99,0.0
90,99,0.0
325,902,0.0
325,902,0.0
325,902,0.0
325,902,0.0
325,902,0.0
325,6,0.0
325,6,0.0
325,6,0.0
325,6,0.0
903,325,0.0
903,325,0.0
903,325,0.0
286,783,0.0
286,783,0.0
286,783,0.0
24,904,0.0
24,904,0.0
24,153,0.0
24,158,0.0
24,158,0.0
24,126,0.0
24,277,0.0
24,39,0.0
167,904,0.0
167,158,0.0
24,167,0.0
24,167,0.0
24,24,0.0
905,800,0.0
905,800,0.0
905,800,0.0
905,74,0.0
905,74,0.0
905,74,0.0
905,74,0.0
40,74,0.0
40,74,0.0
40,74,0.0
40,74,0.0
40,74,0.0
40,74,0.0
40,40,0.0
40,40,0.0
40,40,0.0
40,74,0.0
40,40,0.0
40,40,0.0
57,475,0.0
57,131,0.0
57,131,0.0
57,260,0.0
57,260,0.0
882,32,0.0
882,32,0.0
882,32,0.0
589,142,0.0
906,4,0.0
906,171,0.0
907,295,0.0
907,238,0.0
44,12,0.0
273,908,0.0
273,908,0.0
44,110,0.0
383,383,0.0
909,909,0.0
344,100,0.0
136,533,0.0
136,533,0.0
136,107,0.0
136,107,0.0
136,107,0.0
136,107,0.0
136,107,0.0
136,107,0.0
136,107,0.0
136,107,0.0
115,107,0.0
136,107,0.0
136,107,0.0
136,677,0.0
136,677,0.0
136,677,0.0
136,677,0.0
594,100,0.0
594,416,0.0
594,416,0.0
594,416,0.0
594,344,0.0
594,344,0.0
594,910,0.0
594,4,0.0
31,24,0.0
31,24,0.0
19,835,0.0
19,3,0.0
195,598,0.0
195,595,0.0
195,598,0.0
702,327,0.0
19,347,0.0
146,104,0.0
146,104,0.0
146,104,0.0
146,732,0.0
911,912,0.0
568,153,0.0
443,72,0.0
443,72,0.0
75,859,0.0
169,30,0.0
169,30,0.0
169,765,0.0
169,765,0.0
75,466,0.0
75,466,0.0
75,39,0.0
169,31,0.0
169,913,0.0
169,913,0.0
169,913,0.0
75,4,0.0
169,21,0.0
309,158,0.0
309,158,0.0
307,158,0.0
860,193,0.0
309,226,0.0
309,226,0.0
860,4,0.0
309,789,0.0
309,789,0.0
309,544,0.0
307,308,0.0
307,789,0.0
309,789,0.0
33,207,0.0
33,133,0.0
322,375,0.0
321,179,0.0
321,179,0.0
322,648,0.0
67,389,0.0
67,389,0.0
67,389,0.0
67,389,0.0
6,104,0.0
314,80,0.0
6,360,0.0
314,158,0.0
314,158,0.0
834,158,0.0
834,158,0.0
6,872,0.0
314,6,0.0
314,80,0.0
314,158,0.0
914,63,0.0
914,63,0.0
279,389,0.0
279,389,0.0
279,389,0.0
299,389,0.0
599,38,0.0
599,38,0.0
11,310,0.0
11,310,0.0
11,177,0.0
11,177,0.0
11,177,0.0
228,563,0.0
228,563,0.0
76,126,0.0
230,119,0.0
230,119,0.0
327,140,0.0
260,162,0.0
230,871,0.0
327,24,0.0
260,4,0.0
260,4,0.0
260,4,0.0
328,93,0.0
328,93,0.0
260,851,0.0
839,4,0.0
839,4,0.0
4,48,0.0
4,48,0.0
4,48,0.0
4,915,0.0
4,73,0.0
4,81,0.0
4,81,0.0
4,81,0.0
603,317,0.0
4,822,0.0
246,822,0.0
4,822,0.0
4,822,0.0
4,317,0.0
4,81,0.0
4,317,0.0
4,104,0.0
4,104,0.0
343,104,0.0
343,823,0.0
4,104,0.0
246,732,0.0
4,732,0.0
266,74,0.0
4,387,0.0
4,74,0.0
4,387,0.0
266,74,0.0
4,74,0.0
4,74,0.0
4,74,0.0
4,74,0.0
4,74,0.0
4,95,0.0
910,74,0.0
246,95,0.0
4,639,0.0
4,639,0.0
4,639,0.0
716,100,0.0
4,7,0.0
4,13,0.0
4,493,0.0
4,7,0.0
4,7,0.0
4,7,0.0
910,7,0.0
4,7,0.0
4,7,0.0
352,119,0.0
4,7,0.0
4,119,0.0
4,119,0.0
20,119,0.0
4,119,0.0
4,119,0.0
20,119,0.0
4,119,0.0
331,183,0.0
4,436,0.0
21,503,0.0
171,142,0.0
910,128,0.0
4,3,0.0
4,142,0.0
432,3,0.0
432,3,0.0
793,735,0.0
4,847,0.0
500,638,0.0
4,3,0.0
4,638,0.0
793,735,0.0
4,137,0.0
4,142,0.0
4,129,0.0
500,638,0.0
4,128,0.0
4,3,0.0
343,144,0.0
4,162,0.0
20,1,0.0
171,153,0.0
4,153,0.0
4,153,0.0
4,153,0.0
343,153,0.0
4,153,0.0
916,1,0.0
498,1,0.0
4,153,0.0
343,151,0.0
343,151,0.0
171,494,0.0
171,494,0.0
4,917,0.0
4,918,0.0
20,174,0.0
4,175,0.0
4,175,0.0
692,200,0.0
4,87,0.0
4,200,0.0
4,158,0.0
4,0,0.0
4,859,0.0
4,859,0.0
4,0,0.0
246,85,0.0
4,30,0.0
4,232,0.0
715,23,0.0
4,30,0.0
4,30,0.0
4,158,0.0
4,85,0.0
4,85,0.0
692,200,0.0
4,200,0.0
4,193,0.0
919,85,0.0
920,85,0.0
4,206,0.0
4,8,0.0
4,8,0.0
4,8,0.0
4,8,0.0
4,419,0.0
4,419,0.0
4,874,0.0
4,874,0.0
4,159,0.0
4,22,0.0
4,22,0.0
323,238,0.0
4,394,0.0
266,338,0.0
70,242,0.0
4,921,0.0
4,921,0.0
4,338,0.0
4,340,0.0
4,243,0.0
715,242,0.0
715,242,0.0
70,242,0.0
4,243,0.0
4,243,0.0
93,243,0.0
4,427,0.0
4,243,0.0
643,243,0.0
643,243,0.0
93,243,0.0
922,242,0.0
793,242,0.0
4,921,0.0
4,921,0.0
4,242,0.0
554,237,0.0
4,242,0.0
554,237,0.0
923,130,0.0
4,109,0.0
4,109,0.0
266,261,0.0
4,27,0.0
246,244,0.0
246,244,0.0
246,244,0.0
4,244,0.0
246,244,0.0
246,244,0.0
246,244,0.0
21,416,0.0
4,39,0.0
4,39,0.0
4,277,0.0
4,277,0.0
4,594,0.0
120,146,0.0
120,146,0.0
120,146,0.0
4,75,0.0
4,75,0.0
4,75,0.0
4,75,0.0
4,860,0.0
4,860,0.0
4,860,0.0
4,860,0.0
207,33,0.0
4,321,0.0
4,314,0.0
93,314,0.0
93,314,0.0
93,314,0.0
93,314,0.0
4,6,0.0
20,6,0.0
20,6,0.0
4,230,0.0
343,230,0.0
4,4,0.0
93,4,0.0
331,331,0.0
4,554,0.0
4,554,0.0
352,352,0.0
603,4,0.0
603,4,0.0
793,4,0.0
603,4,0.0
603,4,0.0
397,397,0.0
397,397,0.0
139,4,0.0
139,4,0.0
793,4,0.0
456,4,0.0
4,714,0.0
4,714,0.0
714,714,0.0
20,4,0.0
4,4,0.0
4,4,0.0
455,4,0.0
4,4,0.0
500,5,0.0
4,4,0.0
4,4,0.0
4,458,0.0
4,458,0.0
607,793,0.0
4,4,0.0
339,4,0.0
4,4,0.0
922,4,0.0
4,4,0.0
4,4,0.0
4,354,0.0
4,789,0.0
4,789,0.0
456,924,0.0
456,924,0.0
916,1,0.0
916,1,0.0
719,7,0.0
692,200,0.0
692,200,0.0
4,839,0.0
4,839,0.0
352,352,0.0
4,4,0.0
4,4,0.0
4,4,0.0
4,4,0.0
4,4,0.0
4,4,0.0
343,151,0.0
4,151,0.0
139,139,0.0
139,139,0.0
851,175,0.0
851,175,0.0
4,20,0.0
4,852,0.0
4,806,0.0
93,119,0.0
93,119,0.0
4,128,0.0
925,226,0.0
348,22,0.0
348,22,0.0
348,22,0.0
5,22,0.0
5,22,0.0
5,130,0.0
925,435,0.0
5,17,0.0
21,24,0.0
93,314,0.0
4,4,0.0
4,4,0.0
4,4,0.0
348,4,0.0
5,5,0.0
4,5,0.0
5,4,0.0
458,130,0.0
458,130,0.0
4,4,0.0
4,4,0.0
608,22,0.0
432,3,0.0
21,630,0.0
4,714,0.0
432,714,0.0
4,714,0.0
432,714,0.0
4,498,0.0
760,498,0.0
926,4,0.0
93,4,0.0
93,4,0.0
93,4,0.0
93,4,0.0
927,312,0.0
789,874,0.0
789,309,0.0
789,309,0.0
789,4,0.0
928,928,0.0
836,100,0.0
148,74,0.0
148,74,0.0
750,175,0.0
750,175,0.0
750,407,0.0
389,104,0.0
389,104,0.0
389,144,0.0
389,144,0.0
389,905,0.0
929,36,0.0
24,126,0.0
737,3,0.0
30,726,0.0
23,726,0.0
30,726,0.0
426,343,0.0
426,4,0.0
21,22,0.0
343,242,0.0
343,242,0.0
4,343,0.0
4,4,0.0
726,726,0.0
863,189,0.0
12,37,0.0
36,37,0.0
36,37,0.0
36,37,0.0
12,37,0.0
12,74,0.0
12,74,0.0
12,74,0.0
12,74,0.0
1030,1031,0.0
12,43,0.0
1030,44,0.0
36,44,0.0
12,44,0.0
12,44,0.0
12,44,0.0
12,44,0.0
12,44,0.0
12,913,0.0
12,913,0.0
12,4,0.0
12,4,0.0
12,4,0.0
12,4,0.0
12,171,0.0
1030,1031,0.0
37,12,0.0
37,36,0.0
37,12,0.0
37,74,0.0
37,74,0.0
37,1032,0.0
37,283,0.0
37,283,0.0
37,44,0.0
37,44,0.0
37,44,0.0
37,44,0.0
37,1033,0.0
37,4,0.0
37,4,0.0
37,931,0.0
37,227,0.0
14,72,0.0
471,1034,0.0
474,126,0.0
474,126,0.0
368,224,0.0
52,91,0.0
52,7,0.0
52,669,0.0
52,22,0.0
52,21,0.0
52,1035,0.0
52,1035,0.0
52,1035,0.0
52,86,0.0
52,52,0.0
58,58,0.0
58,58,0.0
58,61,0.0
64,62,0.0
62,229,0.0
62,229,0.0
64,64,0.0
1036,65,0.0
1036,142,0.0
1036,142,0.0
1036,142,0.0
1036,142,0.0
813,327,0.0
1036,1036,0.0
65,65,0.0
65,949,0.0
1036,142,0.0
65,142,0.0
65,65,0.0
373,1037,0.0
373,1037,0.0
73,75,0.0
77,74,0.0
77,74,0.0
91,1038,0.0
86,52,0.0
86,52,0.0
91,51,0.0
81,104,0.0
91,128,0.0
51,577,0.0
51,128,0.0
86,360,0.0
83,125,0.0
91,560,0.0
51,567,0.0
81,250,0.0
81,250,0.0
729,171,0.0
728,4,0.0
728,4,0.0
375,4,0.0
86,4,0.0
51,4,0.0
51,4,0.0
81,4,0.0
81,932,0.0
81,932,0.0
755,74,0.0
104,7,0.0
104,175,0.0
104,175,0.0
104,126,0.0
104,126,0.0
104,21,0.0
74,12,0.0
74,12,0.0
74,12,0.0
74,12,0.0
74,37,0.0
74,37,0.0
74,77,0.0
74,77,0.0
95,104,0.0
74,755,0.0
95,74,0.0
74,3,0.0
74,144,0.0
74,144,0.0
74,172,0.0
74,172,0.0
74,360,0.0
74,360,0.0
74,125,0.0
74,424,0.0
95,1039,0.0
74,271,0.0
74,271,0.0
74,44,0.0
74,44,0.0
74,44,0.0
74,44,0.0
74,75,0.0
74,75,0.0
387,321,0.0
74,21,0.0
74,4,0.0
74,4,0.0
74,4,0.0
74,4,0.0
74,4,0.0
74,4,0.0
74,4,0.0
74,4,0.0
95,51,0.0
74,74,0.0
74,153,0.0
74,153,0.0
95,94,0.0
95,1039,0.0
74,74,0.0
74,74,0.0
74,110,0.0
98,33,0.0
631,153,0.0
633,531,0.0
1040,344,0.0
1040,344,0.0
1040,344,0.0
1041,4,0.0
639,4,0.0
639,4,0.0
1042,1042,0.0
1042,1042,0.0
1042,1042,0.0
100,1043,0.0
100,1043,0.0
100,126,0.0
100,344,0.0
100,344,0.0
100,344,0.0
1043,100,0.0
7,1044,0.0
7,505,0.0
7,51,0.0
7,104,0.0
7,104,0.0
7,104,0.0
7,104,0.0
7,637,0.0
7,637,0.0
7,128,0.0
7,220,0.0
7,140,0.0
7,140,0.0
7,151,0.0
7,151,0.0
16,232,0.0
7,193,0.0
7,87,0.0
7,201,0.0
7,560,0.0
7,560,0.0
7,206,0.0
7,8,0.0
7,1045,0.0
7,1045,0.0
119,237,0.0
119,237,0.0
7,243,0.0
183,192,0.0
183,192,0.0
7,126,0.0
7,694,0.0
7,167,0.0
640,1046,0.0
7,67,0.0
1047,20,0.0
7,716,0.0
7,716,0.0
7,716,0.0
7,4,0.0
183,20,0.0
713,4,0.0
713,4,0.0
7,4,0.0
7,4,0.0
7,500,0.0
183,323,0.0
183,323,0.0
7,4,0.0
7,714,0.0
119,4,0.0
7,4,0.0
16,35,0.0
7,7,0.0
493,48,0.0
105,52,0.0
105,52,0.0
82,340,0.0
949,626,0.0
82,4,0.0
82,4,0.0
503,1048,0.0
502,1048,0.0
1049,503,0.0
502,503,0.0
502,503,0.0
502,30,0.0
502,30,0.0
503,4,0.0
503,4,0.0
503,4,0.0
502,4,0.0
503,5,0.0
503,1049,0.0
502,30,0.0
502,503,0.0
1034,471,0.0
1034,471,0.0
142,52,0.0
142,52,0.0
845,807,0.0
128,51,0.0
128,51,0.0
3,74,0.0
398,493,0.0
262,144,0.0
128,175,0.0
133,175,0.0
3,125,0.0
140,30,0.0
262,158,0.0
577,560,0.0
142,110,0.0
137,775,0.0
131,737,0.0
131,737,0.0
262,146,0.0
128,75,0.0
137,1046,0.0
262,1050,0.0
3,314,0.0
137,1051,0.0
3,4,0.0
129,432,0.0
1052,346,0.0
1052,346,0.0
140,4,0.0
133,554,0.0
133,554,0.0
137,202,0.0
3,4,0.0
144,74,0.0
144,74,0.0
144,262,0.0
144,149,0.0
144,172,0.0
144,172,0.0
144,360,0.0
144,360,0.0
144,230,0.0
830,262,0.0
173,51,0.0
400,307,0.0
1053,307,0.0
1053,307,0.0
400,266,0.0
1053,266,0.0
153,631,0.0
153,7,0.0
153,7,0.0
1,7,0.0
1,1054,0.0
1,160,0.0
1,1,0.0
153,23,0.0
153,1055,0.0
153,158,0.0
151,88,0.0
404,229,0.0
1,424,0.0
153,1056,0.0
153,1056,0.0
1,307,0.0
1,307,0.0
1,4,0.0
153,171,0.0
1,171,0.0
151,4,0.0
151,4,0.0
151,4,0.0
1,164,0.0
153,164,0.0
160,2,0.0
1003,339,0.0
1003,4,0.0
166,183,0.0
166,183,0.0
511,267,0.0
166,93,0.0
166,4,0.0
231,366,0.0
231,366,0.0
72,14,0.0
72,146,0.0
72,146,0.0
72,146,0.0
72,146,0.0
72,314,0.0
72,266,0.0
72,1057,0.0
72,21,0.0
172,915,0.0
172,74,0.0
172,74,0.0
63,82,0.0
172,144,0.0
172,144,0.0
172,141,0.0
63,175,0.0
172,360,0.0
172,360,0.0
174,30,0.0
172,1058,0.0
172,1058,0.0
172,1058,0.0
172,1058,0.0
172,1058,0.0
172,1058,0.0
172,574,0.0
172,574,0.0
172,574,0.0
172,574,0.0
172,75,0.0
172,75,0.0
172,4,0.0
172,4,0.0
63,82,0.0
63,63,0.0
175,104,0.0
175,104,0.0
360,74,0.0
360,74,0.0
179,95,0.0
175,3,0.0
175,128,0.0
175,3,0.0
175,133,0.0
360,144,0.0
360,144,0.0
175,63,0.0
360,172,0.0
360,172,0.0
175,175,0.0
175,175,0.0
175,158,0.0
178,90,0.0
178,90,0.0
175,1059,0.0
175,1059,0.0
175,1059,0.0
360,75,0.0
360,75,0.0
175,21,0.0
175,21,0.0
360,4,0.0
360,4,0.0
175,554,0.0
179,95,0.0
175,175,0.0
1060,91,0.0
1060,877,0.0
854,8,0.0
178,90,0.0
175,90,0.0
654,52,0.0
158,311,0.0
158,311,0.0
30,58,0.0
158,65,0.0
200,317,0.0
158,104,0.0
158,387,0.0
157,74,0.0
125,74,0.0
158,387,0.0
158,387,0.0
193,7,0.0
193,7,0.0
23,16,0.0
23,16,0.0
181,841,0.0
1061,949,0.0
30,503,0.0
125,129,0.0
125,3,0.0
201,220,0.0
182,135,0.0
125,129,0.0
182,135,0.0
158,153,0.0
158,153,0.0
30,494,0.0
30,494,0.0
30,494,0.0
158,231,0.0
744,175,0.0
744,175,0.0
744,175,0.0
53,158,0.0
477,422,0.0
30,560,0.0
30,560,0.0
30,1062,0.0
87,673,0.0
125,738,0.0
30,22,0.0
200,22,0.0
200,22,0.0
182,99,0.0
182,99,0.0
0,243,0.0
87,610,0.0
87,610,0.0
158,427,0.0
181,430,0.0
181,430,0.0
85,239,0.0
0,132,0.0
158,259,0.0
85,261,0.0
85,261,0.0
182,90,0.0
30,167,0.0
158,40,0.0
158,127,0.0
158,127,0.0
30,310,0.0
30,310,0.0
30,310,0.0
182,236,0.0
30,1063,0.0
30,1063,0.0
158,327,0.0
0,643,0.0
85,4,0.0
85,4,0.0
85,93,0.0
85,93,0.0
232,331,0.0
85,93,0.0
85,93,0.0
232,331,0.0
232,5,0.0
1064,234,0.0
1065,44,0.0
158,192,0.0
542,129,0.0
542,129,0.0
542,146,0.0
1066,4,0.0
1066,4,0.0
1066,4,0.0
763,340,0.0
763,340,0.0
763,340,0.0
560,7,0.0
560,153,0.0
560,158,0.0
206,577,0.0
8,854,0.0
1016,7,0.0
1016,7,0.0
1016,1067,0.0
1016,212,0.0
1016,1067,0.0
1016,212,0.0
212,319,0.0
212,319,0.0
61,58,0.0
418,308,0.0
1062,30,0.0
544,553,0.0
1068,686,0.0
218,968,0.0
218,239,0.0
544,1005,0.0
544,115,0.0
1037,373,0.0
1037,373,0.0
1037,373,0.0
518,12,0.0
518,12,0.0
518,100,0.0
518,100,0.0
518,100,0.0
518,44,0.0
518,44,0.0
518,44,0.0
518,849,0.0
518,849,0.0
518,849,0.0
518,320,0.0
518,320,0.0
518,320,0.0
518,6,0.0
518,6,0.0
518,6,0.0
765,36,0.0
765,21,0.0
1045,7,0.0
673,560,0.0
219,83,0.0
191,175,0.0
22,52,0.0
22,30,0.0
226,99,0.0
226,99,0.0
22,107,0.0
1069,233,0.0
22,965,0.0
22,965,0.0
22,965,0.0
22,253,0.0
22,253,0.0
22,38,0.0
22,38,0.0
22,466,0.0
226,90,0.0
22,90,0.0
22,90,0.0
226,90,0.0
22,75,0.0
22,75,0.0
22,21,0.0
226,171,0.0
226,21,0.0
226,171,0.0
226,171,0.0
22,5,0.0
22,5,0.0
226,171,0.0
226,171,0.0
226,22,0.0
226,90,0.0
226,90,0.0
226,21,0.0
226,466,0.0
226,466,0.0
99,226,0.0
99,226,0.0
99,99,0.0
99,90,0.0
99,90,0.0
229,11,0.0
99,4,0.0
99,4,0.0
99,99,0.0
99,90,0.0
107,22,0.0
233,1069,0.0
107,22,0.0
233,1069,0.0
107,107,0.0
234,236,0.0
107,115,0.0
107,115,0.0
234,115,0.0
234,115,0.0
107,236,0.0
107,236,0.0
234,115,0.0
234,115,0.0
234,236,0.0
234,600,0.0
107,135,0.0
107,135,0.0
107,107,0.0
527,100,0.0
1070,7,0.0
1070,7,0.0
235,90,0.0
235,90,0.0
235,5,0.0
235,5,0.0
2,160,0.0
495,424,0.0
2,171,0.0
2,171,0.0
424,74,0.0
424,495,0.0
424,559,0.0
2,559,0.0
453,65,0.0
243,887,0.0
243,887,0.0
243,7,0.0
237,7,0.0
453,496,0.0
453,82,0.0
242,511,0.0
243,0,0.0
243,0,0.0
340,763,0.0
340,763,0.0
340,763,0.0
237,394,0.0
243,244,0.0
237,244,0.0
237,244,0.0
242,343,0.0
243,4,0.0
243,4,0.0
243,246,0.0
243,4,0.0
243,4,0.0
237,452,0.0
426,164,0.0
237,452,0.0
426,4,0.0
426,4,0.0
242,432,0.0
242,432,0.0
242,4,0.0
562,14,0.0
965,22,0.0
965,22,0.0
965,22,0.0
247,248,0.0
564,424,0.0
559,424,0.0
559,2,0.0
564,559,0.0
564,559,0.0
564,559,0.0
559,356,0.0
559,356,0.0
564,559,0.0
564,110,0.0
559,312,0.0
564,1071,0.0
564,1071,0.0
559,312,0.0
559,1072,0.0
559,171,0.0
247,312,0.0
247,312,0.0
356,559,0.0
356,559,0.0
564,110,0.0
55,1073,0.0
55,4,0.0
55,4,0.0
1029,254,0.0
239,85,0.0
239,218,0.0
239,277,0.0
239,1074,0.0
253,502,0.0
253,502,0.0
258,502,0.0
130,158,0.0
253,256,0.0
253,22,0.0
132,22,0.0
253,24,0.0
132,1075,0.0
253,403,0.0
253,449,0.0
258,4,0.0
258,4,0.0
258,4,0.0
258,4,0.0
253,171,0.0
1076,1076,0.0
433,44,0.0
433,44,0.0
259,104,0.0
259,104,0.0
259,104,0.0
259,104,0.0
259,4,0.0
259,4,0.0
259,432,0.0
126,14,0.0
110,52,0.0
261,119,0.0
261,119,0.0
435,3,0.0
267,511,0.0
267,511,0.0
110,1077,0.0
9,22,0.0
126,126,0.0
126,126,0.0
126,274,0.0
341,167,0.0
341,167,0.0
126,24,0.0
126,167,0.0
126,167,0.0
66,305,0.0
126,25,0.0
126,4,0.0
110,4,0.0
9,432,0.0
126,4,0.0
244,243,0.0
244,237,0.0
244,237,0.0
244,237,0.0
244,237,0.0
244,244,0.0
244,246,0.0
244,246,0.0
244,244,0.0
43,12,0.0
227,37,0.0
1078,52,0.0
39,95,0.0
39,95,0.0
227,137,0.0
227,140,0.0
277,968,0.0
274,126,0.0
1079,90,0.0
272,44,0.0
39,275,0.0
272,663,0.0
277,314,0.0
277,314,0.0
277,314,0.0
277,314,0.0
134,74,0.0
1080,88,0.0
532,705,0.0
325,729,0.0
325,729,0.0
90,22,0.0
90,99,0.0
90,235,0.0
441,126,0.0
441,903,0.0
441,903,0.0
441,75,0.0
441,75,0.0
90,6,0.0
90,6,0.0
90,20,0.0
283,327,0.0
903,140,0.0
903,75,0.0
24,7,0.0
24,16,0.0
24,16,0.0
24,16,0.0
24,16,0.0
24,82,0.0
24,82,0.0
24,1081,0.0
24,513,0.0
24,567,0.0
24,567,0.0
24,513,0.0
24,24,0.0
24,25,0.0
24,230,0.0
24,24,0.0
24,24,0.0
24,24,0.0
24,167,0.0
1082,20,0.0
737,3,0.0
1056,153,0.0
57,57,0.0
1056,153,0.0
57,57,0.0
749,7,0.0
749,183,0.0
749,183,0.0
127,158,0.0
589,85,0.0
749,237,0.0
305,126,0.0
44,36,0.0
44,1030,0.0
44,12,0.0
44,12,0.0
44,12,0.0
44,36,0.0
44,12,0.0
44,12,0.0
44,12,0.0
44,37,0.0
44,37,0.0
44,37,0.0
44,37,0.0
44,74,0.0
44,74,0.0
44,74,0.0
44,74,0.0
44,160,0.0
44,160,0.0
44,160,0.0
44,30,0.0
44,647,0.0
44,647,0.0
44,272,0.0
44,90,0.0
44,570,0.0
44,44,0.0
28,327,0.0
44,4,0.0
44,4,0.0
44,4,0.0
44,4,0.0
570,40,0.0
570,44,0.0
570,44,0.0
570,44,0.0
570,44,0.0
44,44,0.0
44,44,0.0
44,327,0.0
1083,487,0.0
1083,104,0.0
344,631,0.0
344,100,0.0
344,100,0.0
344,100,0.0
344,100,0.0
344,100,0.0
344,1084,0.0
344,344,0.0
344,344,0.0
344,344,0.0
344,344,0.0
344,4,0.0
344,4,0.0
344,4,0.0
310,30,0.0
312,160,0.0
312,559,0.0
1071,559,0.0
312,559,0.0
312,559,0.0
1085,247,0.0
312,559,0.0
1085,247,0.0
312,247,0.0
312,247,0.0
1071,1071,0.0
1071,1071,0.0
1071,247,0.0
1059,175,0.0
1059,175,0.0
1059,175,0.0
115,107,0.0
115,107,0.0
115,234,0.0
403,430,0.0
662,267,0.0
448,604,0.0
448,197,0.0
594,345,0.0
594,345,0.0
594,345,0.0
31,314,0.0
19,12,0.0
19,172,0.0
19,63,0.0
19,63,0.0
19,24,0.0
19,24,0.0
19,44,0.0
19,44,0.0
19,44,0.0
19,4,0.0
19,4,0.0
146,72,0.0
146,72,0.0
146,72,0.0
146,72,0.0
146,72,0.0
146,172,0.0
146,542,0.0
146,1050,0.0
450,128,0.0
75,74,0.0
75,74,0.0
75,72,0.0
75,72,0.0
75,155,0.0
75,172,0.0
75,172,0.0
75,360,0.0
75,360,0.0
169,158,0.0
75,22,0.0
75,22,0.0
275,39,0.0
75,1086,0.0
75,1086,0.0
169,913,0.0
169,913,0.0
169,6,0.0
169,6,0.0
169,6,0.0
169,169,0.0
1063,30,0.0
1063,30,0.0
1087,153,0.0
309,1088,0.0
307,22,0.0
307,126,0.0
309,273,0.0
860,4,0.0
860,4,0.0
860,339,0.0
860,4,0.0
309,789,0.0
663,272,0.0
307,1089,0.0
1050,410,0.0
1050,410,0.0
1050,410,0.0
319,212,0.0
319,212,0.0
250,320,0.0
250,81,0.0
322,192,0.0
322,192,0.0
314,1090,0.0
6,137,0.0
314,277,0.0
6,90,0.0
6,90,0.0
314,31,0.0
6,169,0.0
6,169,0.0
314,277,0.0
163,12,0.0
163,75,0.0
1091,82,0.0
228,32,0.0
228,32,0.0
11,229,0.0
228,32,0.0
228,32,0.0
11,99,0.0
11,99,0.0
228,229,0.0
228,229,0.0
228,229,0.0
563,229,0.0
563,229,0.0
563,230,0.0
11,230,0.0
563,230,0.0
228,229,0.0
228,32,0.0
228,1092,0.0
228,32,0.0
199,640,0.0
199,640,0.0
328,172,0.0
328,63,0.0
328,63,0.0
4,12,0.0
4,12,0.0
4,12,0.0
4,12,0.0
266,37,0.0
266,37,0.0
4,37,0.0
4,37,0.0
331,14,0.0
331,14,0.0
171,729,0.0
4,51,0.0
4,728,0.0
4,375,0.0
4,728,0.0
21,74,0.0
4,74,0.0
4,74,0.0
4,74,0.0
4,74,0.0
4,74,0.0
4,74,0.0
4,74,0.0
4,74,0.0
4,74,0.0
266,387,0.0
4,639,0.0
692,100,0.0
692,100,0.0
4,7,0.0
381,7,0.0
716,7,0.0
716,7,0.0
4,7,0.0
4,7,0.0
339,119,0.0
331,7,0.0
4,7,0.0
716,7,0.0
716,7,0.0
716,7,0.0
207,7,0.0
4,7,0.0
984,1093,0.0
266,713,0.0
4,7,0.0
4,183,0.0
4,119,0.0
20,183,0.0
20,183,0.0
4,119,0.0
4,7,0.0
4,7,0.0
4,7,0.0
339,119,0.0
4,7,0.0
4,183,0.0
4,183,0.0
331,7,0.0
4,7,0.0
4,1094,0.0
4,105,0.0
4,105,0.0
4,82,0.0
202,82,0.0
432,503,0.0
432,503,0.0
4,503,0.0
4,503,0.0
4,137,0.0
4,137,0.0
4,399,0.0
4,128,0.0
4,399,0.0
4,398,0.0
4,3,0.0
4,399,0.0
346,1052,0.0
346,1052,0.0
4,3,0.0
4,3,0.0
4,3,0.0
643,131,0.0
4,3,0.0
266,400,0.0
266,400,0.0
266,1053,0.0
266,1053,0.0
4,151,0.0
603,160,0.0
4,153,0.0
4,153,0.0
4,153,0.0
4,153,0.0
4,160,0.0
4,160,0.0
4,160,0.0
4,160,0.0
93,166,0.0
4,166,0.0
4,231,0.0
20,72,0.0
20,72,0.0
4,172,0.0
4,172,0.0
21,175,0.0
21,175,0.0
4,360,0.0
4,360,0.0
983,1095,0.0
4,23,0.0
93,85,0.0
4,85,0.0
93,85,0.0
4,193,0.0
4,0,0.0
266,877,0.0
920,85,0.0
331,87,0.0
331,87,0.0
331,87,0.0
331,87,0.0
4,1066,0.0
4,1066,0.0
4,1066,0.0
4,8,0.0
4,8,0.0
4,88,0.0
21,765,0.0
21,22,0.0
21,22,0.0
4,99,0.0
4,99,0.0
4,1004,0.0
171,2,0.0
171,2,0.0
4,242,0.0
4,243,0.0
4,678,0.0
4,243,0.0
4,243,0.0
164,426,0.0
4,426,0.0
4,559,0.0
171,559,0.0
4,559,0.0
171,559,0.0
4,55,0.0
4,258,0.0
4,258,0.0
4,258,0.0
4,258,0.0
4,258,0.0
4,258,0.0
4,259,0.0
4,259,0.0
432,259,0.0
432,9,0.0
4,110,0.0
719,126,0.0
4,775,0.0
4,44,0.0
4,44,0.0
4,44,0.0
4,44,0.0
4,860,0.0
984,250,0.0
984,250,0.0
266,321,0.0
266,563,0.0
4,11,0.0
266,563,0.0
4,316,0.0
331,4,0.0
331,4,0.0
920,4,0.0
984,4,0.0
4,164,0.0
4,4,0.0
4,4,0.0
117,117,0.0
4,4,0.0
171,4,0.0
4,4,0.0
432,4,0.0
432,4,0.0
432,4,0.0
432,4,0.0
171,1096,0.0
171,1096,0.0
920,454,0.0
4,454,0.0
4,454,0.0
4,4,0.0
4,4,0.0
4,4,0.0
4,164,0.0
4,243,0.0
925,62,0.0
925,62,0.0
5,119,0.0
5,119,0.0
5,119,0.0
5,503,0.0
4,128,0.0
21,413,0.0
4,158,0.0
4,87,0.0
331,87,0.0
4,87,0.0
331,87,0.0
925,212,0.0
925,212,0.0
4,265,0.0
4,265,0.0
925,11,0.0
925,11,0.0
4,4,0.0
4,4,0.0
4,331,0.0
5,1089,0.0
117,117,0.0
331,7,0.0
4,7,0.0
331,7,0.0
1097,1097,0.0
4,4,0.0
4,4,0.0
4,4,0.0
432,503,0.0
4,503,0.0
4,432,0.0
354,107,0.0
460,244,0.0
4,4,0.0
460,266,0.0
4,344,0.0
4,344,0.0
4,344,0.0
432,714,0.0
4,4,0.0
432,714,0.0
4,4,0.0
4,4,0.0
726,30,0.0
1089,309,0.0
789,309,0.0
1089,307,0.0
789,4,0.0
1089,309,0.0
1098,85,0.0
1099,153,0.0
1099,158,0.0
1035,165,0.0
1035,4,0.0
1035,4,0.0
359,65,0.0
359,65,0.0
359,626,0.0
359,626,0.0
359,305,0.0
359,305,0.0
616,7,0.0
616,7,0.0
1100,239,0.0
131,39,0.0
295,241,0.0
167,24,0.0
24,24,0.0
1006,172,0.0
1006,172,0.0
44,131,0.0
44,131,0.0
348,4,0.0
63,524,0.0
21,182,0.0
21,44,0.0
21,44,0.0
52,4,0.0
1140,1141,0.0
212,465,0.0
1141,1140,0.0
1142,240,0.0
1143,240,0.0
1142,240,0.0
1144,4,0.0
1144,4,0.0
7,109,0.0
7,109,0.0
862,7,0.0
862,161,0.0
36,125,0.0
12,22,0.0
12,22,0.0
12,99,0.0
12,99,0.0
12,99,0.0
36,39,0.0
12,39,0.0
1030,272,0.0
12,12,0.0
12,12,0.0
36,44,0.0
37,12,0.0
37,12,0.0
14,200,0.0
14,268,0.0
14,171,0.0
14,4,0.0
14,171,0.0
1145,81,0.0
311,7,0.0
311,7,0.0
311,24,0.0
311,24,0.0
474,22,0.0
474,126,0.0
474,126,0.0
474,126,0.0
366,91,0.0
366,91,0.0
366,1146,0.0
1147,1148,0.0
1147,1148,0.0
52,52,0.0
915,104,0.0
368,7,0.0
368,7,0.0
368,7,0.0
52,220,0.0
52,3,0.0
52,218,0.0
52,218,0.0
52,57,0.0
52,57,0.0
52,1149,0.0
52,1149,0.0
52,1149,0.0
52,171,0.0
915,4,0.0
52,52,0.0
524,62,0.0
524,62,0.0
64,63,0.0
64,31,0.0
64,563,0.0
62,11,0.0
62,4,0.0
65,65,0.0
65,160,0.0
65,160,0.0
65,44,0.0
65,812,0.0
65,812,0.0
73,1112,0.0
73,1112,0.0
81,623,0.0
81,73,0.0
81,624,0.0
81,100,0.0
91,7,0.0
81,1094,0.0
81,503,0.0
1150,3,0.0
379,3,0.0
81,1151,0.0
81,494,0.0
81,172,0.0
375,179,0.0
81,175,0.0
83,158,0.0
83,673,0.0
937,963,0.0
83,766,0.0
81,238,0.0
91,238,0.0
91,238,0.0
379,242,0.0
729,192,0.0
1152,1153,0.0
1154,66,0.0
81,342,0.0
81,472,0.0
86,286,0.0
86,286,0.0
1155,1156,0.0
81,468,0.0
81,909,0.0
81,576,0.0
81,1157,0.0
51,207,0.0
104,81,0.0
104,81,0.0
80,80,0.0
80,158,0.0
80,158,0.0
94,8,0.0
104,559,0.0
104,559,0.0
104,169,0.0
104,169,0.0
104,314,0.0
104,314,0.0
104,314,0.0
104,314,0.0
730,397,0.0
730,397,0.0
488,453,0.0
74,52,0.0
74,733,0.0
74,8,0.0
387,2,0.0
387,2,0.0
74,804,0.0
74,90,0.0
74,90,0.0
74,90,0.0
74,90,0.0
74,57,0.0
74,57,0.0
74,44,0.0
74,75,0.0
74,75,0.0
74,4,0.0
74,4,0.0
74,4,0.0
74,4,0.0
97,74,0.0
912,450,0.0
912,442,0.0
631,238,0.0
631,238,0.0
7,65,0.0
7,91,0.0
16,16,0.0
119,82,0.0
7,637,0.0
7,637,0.0
7,637,0.0
7,637,0.0
183,847,0.0
7,142,0.0
7,847,0.0
7,638,0.0
7,638,0.0
13,128,0.0
7,149,0.0
7,1,0.0
7,153,0.0
7,151,0.0
7,151,0.0
7,1158,0.0
7,172,0.0
183,179,0.0
7,193,0.0
7,0,0.0
7,0,0.0
7,0,0.0
7,0,0.0
7,940,0.0
16,55,0.0
7,55,0.0
7,55,0.0
7,55,0.0
7,109,0.0
7,109,0.0
7,126,0.0
7,268,0.0
7,39,0.0
7,39,0.0
7,443,0.0
640,327,0.0
7,230,0.0
640,327,0.0
640,327,0.0
640,327,0.0
1159,230,0.0
7,323,0.0
183,4,0.0
183,20,0.0
7,4,0.0
183,20,0.0
7,4,0.0
108,996,0.0
183,20,0.0
183,20,0.0
7,4,0.0
7,4,0.0
7,4,0.0
7,554,0.0
1160,996,0.0
1160,4,0.0
1160,4,0.0
713,4,0.0
7,432,0.0
108,333,0.0
7,203,0.0
7,786,0.0
7,4,0.0
7,786,0.0
7,4,0.0
7,4,0.0
7,4,0.0
7,786,0.0
7,4,0.0
7,786,0.0
108,4,0.0
108,996,0.0
16,286,0.0
16,85,0.0
7,175,0.0
1161,160,0.0
1161,160,0.0
810,807,0.0
810,807,0.0
646,7,0.0
1162,7,0.0
1162,7,0.0
1162,7,0.0
637,140,0.0
637,140,0.0
396,401,0.0
396,401,0.0
82,340,0.0
646,705,0.0
637,4,0.0
395,1163,0.0
637,266,0.0
220,52,0.0
128,51,0.0
128,51,0.0
142,7,0.0
142,7,0.0
847,7,0.0
3,3,0.0
3,153,0.0
142,72,0.0
220,158,0.0
735,1164,0.0
845,238,0.0
845,238,0.0
845,295,0.0
577,242,0.0
3,1165,0.0
3,267,0.0
262,773,0.0
262,244,0.0
131,39,0.0
131,737,0.0
131,737,0.0
131,57,0.0
131,57,0.0
220,4,0.0
3,4,0.0
3,4,0.0
3,4,0.0
131,203,0.0
137,202,0.0
735,354,0.0
3,3,0.0
3,379,0.0
1166,8,0.0
141,144,0.0
141,72,0.0
141,72,0.0
141,72,0.0
1167,193,0.0
645,1168,0.0
645,1168,0.0
645,1168,0.0
144,55,0.0
144,55,0.0
144,55,0.0
355,9,0.0
355,916,0.0
355,916,0.0
149,7,0.0
141,149,0.0
141,1169,0.0
141,141,0.0
1053,1170,0.0
1053,307,0.0
1053,307,0.0
1053,307,0.0
1053,307,0.0
1053,307,0.0
1053,307,0.0
1053,307,0.0
1170,1053,0.0
400,309,0.0
400,309,0.0
1171,309,0.0
151,51,0.0
160,189,0.0
160,189,0.0
160,189,0.0
153,87,0.0
1,158,0.0
1,1172,0.0
1,1172,0.0
153,773,0.0
153,244,0.0
153,244,0.0
1,325,0.0
404,1173,0.0
404,1173,0.0
404,4,0.0
160,4,0.0
1,1163,0.0
160,4,0.0
156,331,0.0
151,4,0.0
1,4,0.0
160,1161,0.0
1158,85,0.0
797,240,0.0
797,240,0.0
1158,210,0.0
1158,530,0.0
494,170,0.0
166,4,0.0
511,4,0.0
231,649,0.0
363,158,0.0
363,1174,0.0
363,520,0.0
363,520,0.0
363,1174,0.0
72,141,0.0
1175,1176,0.0
1175,1177,0.0
1175,1177,0.0
1175,1176,0.0
1177,63,0.0
1176,63,0.0
63,62,0.0
172,7,0.0
172,7,0.0
172,172,0.0
172,193,0.0
172,193,0.0
172,193,0.0
63,0,0.0
174,30,0.0
172,419,0.0
63,253,0.0
172,1005,0.0
172,321,0.0
172,321,0.0
174,230,0.0
174,230,0.0
174,193,0.0
175,12,0.0
360,12,0.0
175,81,0.0
360,7,0.0
360,7,0.0
175,119,0.0
175,7,0.0
179,141,0.0
179,141,0.0
179,149,0.0
179,149,0.0
179,149,0.0
179,141,0.0
407,175,0.0
407,518,0.0
179,159,0.0
179,159,0.0
746,649,0.0
746,649,0.0
179,171,0.0
175,4,0.0
175,4,0.0
179,171,0.0
175,7,0.0
1178,98,0.0
751,30,0.0
654,403,0.0
751,403,0.0
654,1179,0.0
1009,1009,0.0
182,12,0.0
125,12,0.0
125,12,0.0
30,37,0.0
200,14,0.0
200,14,0.0
158,51,0.0
158,95,0.0
158,95,0.0
193,7,0.0
193,7,0.0
0,7,0.0
0,7,0.0
158,1160,0.0
23,640,0.0
23,640,0.0
533,119,0.0
193,847,0.0
659,128,0.0
533,334,0.0
955,735,0.0
85,144,0.0
193,1167,0.0
189,160,0.0
189,160,0.0
193,172,0.0
30,172,0.0
193,172,0.0
193,174,0.0
158,256,0.0
158,212,0.0
158,212,0.0
1180,989,0.0
349,22,0.0
349,226,0.0
158,238,0.0
23,883,0.0
158,430,0.0
1118,239,0.0
87,253,0.0
30,39,0.0
30,90,0.0
182,441,0.0
125,286,0.0
1181,24,0.0
1181,24,0.0
264,40,0.0
264,40,0.0
158,40,0.0
85,589,0.0
158,114,0.0
158,114,0.0
189,44,0.0
744,44,0.0
533,44,0.0
182,44,0.0
182,28,0.0
158,114,0.0
158,114,0.0
955,310,0.0
158,146,0.0
85,275,0.0
85,275,0.0
85,275,0.0
85,275,0.0
85,860,0.0
158,314,0.0
0,4,0.0
1182,1135,0.0
531,714,0.0
85,4,0.0
85,4,0.0
85,246,0.0
744,4,0.0
744,4,0.0
85,4,0.0
85,4,0.0
0,4,0.0
85,346,0.0
85,93,0.0
193,4,0.0
85,4,0.0
85,346,0.0
87,5,0.0
23,326,0.0
30,343,0.0
0,21,0.0
200,1101,0.0
158,24,0.0
158,24,0.0
1183,364,0.0
30,30,0.0
816,261,0.0
816,261,0.0
205,22,0.0
671,4,0.0
1184,457,0.0
8,94,0.0
8,122,0.0
8,4,0.0
8,164,0.0
206,164,0.0
8,8,0.0
1164,735,0.0
1164,735,0.0
1164,735,0.0
1164,735,0.0
209,182,0.0
1185,183,0.0
1186,158,0.0
419,1187,0.0
419,1187,0.0
1168,169,0.0
1168,169,0.0
1168,169,0.0
1168,645,0.0
1168,645,0.0
1168,645,0.0
989,1180,0.0
953,172,0.0
953,267,0.0
953,479,0.0
962,182,0.0
962,182,0.0
1188,1189,0.0
673,83,0.0
963,937,0.0
1121,224,0.0
673,83,0.0
265,637,0.0
265,637,0.0
265,637,0.0
265,637,0.0
265,158,0.0
265,1102,0.0
159,179,0.0
159,179,0.0
22,621,0.0
22,621,0.0
22,141,0.0
22,141,0.0
22,1058,0.0
22,466,0.0
22,39,0.0
22,466,0.0
22,21,0.0
22,266,0.0
22,4,0.0
22,4,0.0
22,226,0.0
22,226,0.0
99,127,0.0
99,127,0.0
107,538,0.0
107,538,0.0
107,538,0.0
107,230,0.0
107,230,0.0
107,171,0.0
107,5,0.0
107,5,0.0
107,115,0.0
107,115,0.0
107,4,0.0
238,81,0.0
238,91,0.0
295,845,0.0
295,845,0.0
1172,1,0.0
1172,1,0.0
240,797,0.0
240,797,0.0
1190,360,0.0
1190,175,0.0
238,664,0.0
527,664,0.0
1172,238,0.0
1172,295,0.0
295,845,0.0
401,53,0.0
401,53,0.0
675,5,0.0
394,151,0.0
394,179,0.0
394,93,0.0
235,266,0.0
235,266,0.0
562,471,0.0
237,62,0.0
453,488,0.0
237,7,0.0
237,1,0.0
237,153,0.0
562,890,0.0
243,243,0.0
243,192,0.0
243,192,0.0
242,39,0.0
1191,4,0.0
921,4,0.0
243,4,0.0
243,4,0.0
237,4,0.0
243,4,0.0
243,4,0.0
338,1097,0.0
237,4,0.0
237,4,0.0
242,705,0.0
242,705,0.0
921,4,0.0
243,4,0.0
338,1097,0.0
241,266,0.0
242,208,0.0
242,705,0.0
245,119,0.0
245,243,0.0
243,243,0.0
243,243,0.0
243,4,0.0
243,4,0.0
243,4,0.0
243,4,0.0
430,52,0.0
430,135,0.0
430,135,0.0
430,135,0.0
430,1192,0.0
430,1192,0.0
559,104,0.0
559,104,0.0
559,80,0.0
559,80,0.0
559,80,0.0
559,104,0.0
559,80,0.0
559,80,0.0
55,16,0.0
55,7,0.0
55,1193,0.0
192,126,0.0
192,126,0.0
192,244,0.0
192,244,0.0
685,153,0.0
685,153,0.0
685,685,0.0
251,309,0.0
251,309,0.0
251,309,0.0
251,309,0.0
239,1118,0.0
239,239,0.0
239,252,0.0
1153,171,0.0
239,239,0.0
513,129,0.0
513,129,0.0
210,494,0.0
210,494,0.0
253,63,0.0
254,158,0.0
254,158,0.0
254,23,0.0
254,158,0.0
254,158,0.0
210,200,0.0
254,158,0.0
254,158,0.0
210,30,0.0
253,30,0.0
253,30,0.0
253,30,0.0
252,239,0.0
254,161,0.0
254,161,0.0
1194,4,0.0
268,14,0.0
626,65,0.0
110,81,0.0
268,7,0.0
626,151,0.0
626,160,0.0
626,160,0.0
110,23,0.0
110,87,0.0
126,427,0.0
126,547,0.0
126,547,0.0
267,441,0.0
267,1006,0.0
27,1195,0.0
27,1195,0.0
261,11,0.0
261,11,0.0
1196,4,0.0
110,47,0.0
110,343,0.0
9,910,0.0
9,4,0.0
9,910,0.0
9,984,0.0
110,716,0.0
126,123,0.0
268,461,0.0
268,461,0.0
1197,382,0.0
1197,1198,0.0
66,4,0.0
773,153,0.0
244,153,0.0
244,153,0.0
244,85,0.0
244,85,0.0
244,237,0.0
244,237,0.0
244,192,0.0
244,343,0.0
244,4,0.0
244,4,0.0
244,347,0.0
244,347,0.0
39,36,0.0
39,12,0.0
39,36,0.0
272,1030,0.0
272,12,0.0
39,36,0.0
39,12,0.0
39,12,0.0
1199,474,0.0
1200,158,0.0
1200,158,0.0
1201,867,0.0
277,585,0.0
39,24,0.0
39,169,0.0
804,74,0.0
804,74,0.0
804,74,0.0
898,81,0.0
1202,694,0.0
900,901,0.0
325,494,0.0
325,172,0.0
441,182,0.0
441,267,0.0
325,325,0.0
325,1203,0.0
90,979,0.0
90,1204,0.0
286,783,0.0
24,51,0.0
24,1181,0.0
24,1181,0.0
24,1205,0.0
24,1205,0.0
24,1205,0.0
24,1205,0.0
24,158,0.0
24,867,0.0
24,423,0.0
24,254,0.0
24,39,0.0
24,24,0.0
24,520,0.0
161,1174,0.0
24,520,0.0
161,1174,0.0
974,30,0.0
24,30,0.0
1206,87,0.0
1206,87,0.0
1206,24,0.0
24,161,0.0
1006,158,0.0
1006,267,0.0
1006,267,0.0
649,231,0.0
649,746,0.0
649,746,0.0
300,922,0.0
420,4,0.0
420,4,0.0
40,264,0.0
40,264,0.0
57,52,0.0
57,52,0.0
57,131,0.0
589,533,0.0
589,158,0.0
1025,81,0.0
1025,81,0.0
1025,81,0.0
44,74,0.0
44,334,0.0
44,334,0.0
44,131,0.0
44,158,0.0
44,181,0.0
44,744,0.0
44,533,0.0
44,158,0.0
44,181,0.0
114,158,0.0
114,158,0.0
44,533,0.0
273,565,0.0
273,130,0.0
44,44,0.0
44,273,0.0
44,273,0.0
41,44,0.0
44,44,0.0
28,28,0.0
44,4,0.0
44,4,0.0
44,4,0.0
44,4,0.0
273,44,0.0
273,44,0.0
44,158,0.0
44,158,0.0
344,200,0.0
1128,200,0.0
1128,200,0.0
344,435,0.0
344,441,0.0
344,441,0.0
344,441,0.0
344,307,0.0
1128,307,0.0
344,508,0.0
344,21,0.0
312,224,0.0
136,533,0.0
136,533,0.0
136,533,0.0
136,107,0.0
136,107,0.0
136,677,0.0
136,677,0.0
115,171,0.0
115,171,0.0
115,171,0.0
403,153,0.0
594,1153,0.0
594,1153,0.0
25,254,0.0
403,589,0.0
911,334,0.0
911,146,0.0
703,162,0.0
703,703,0.0
169,104,0.0
169,104,0.0
275,85,0.0
275,85,0.0
169,39,0.0
169,913,0.0
75,4,0.0
831,75,0.0
1063,183,0.0
1063,183,0.0
1063,183,0.0
1207,1185,0.0
1207,1185,0.0
1063,90,0.0
1063,90,0.0
1063,90,0.0
1207,1185,0.0
309,318,0.0
309,318,0.0
309,318,0.0
309,318,0.0
307,243,0.0
307,243,0.0
1208,1209,0.0
250,1210,0.0
320,1210,0.0
250,1210,0.0
321,64,0.0
321,64,0.0
321,62,0.0
321,64,0.0
314,104,0.0
314,104,0.0
314,104,0.0
314,104,0.0
299,224,0.0
479,953,0.0
1204,90,0.0
979,90,0.0
979,90,0.0
1204,90,0.0
979,90,0.0
1204,90,0.0
563,64,0.0
563,64,0.0
563,64,0.0
11,62,0.0
230,1211,0.0
230,1211,0.0
230,3,0.0
230,107,0.0
230,107,0.0
230,107,0.0
759,1074,0.0
230,111,0.0
230,111,0.0
199,90,0.0
230,115,0.0
230,115,0.0
230,115,0.0
230,115,0.0
230,115,0.0
327,6,0.0
246,368,0.0
4,915,0.0
246,52,0.0
246,368,0.0
4,52,0.0
4,52,0.0
4,1212,0.0
4,623,0.0
4,623,0.0
4,623,0.0
4,73,0.0
4,73,0.0
4,73,0.0
4,51,0.0
203,81,0.0
4,51,0.0
21,224,0.0
4,224,0.0
397,730,0.0
397,730,0.0
4,624,0.0
4,624,0.0
4,98,0.0
4,631,0.0
4,631,0.0
4,100,0.0
4,100,0.0
4,100,0.0
4,7,0.0
20,183,0.0
4,7,0.0
4,183,0.0
4,183,0.0
4,183,0.0
352,7,0.0
93,183,0.0
20,183,0.0
20,7,0.0
20,7,0.0
20,7,0.0
20,7,0.0
20,7,0.0
381,7,0.0
4,7,0.0
4,7,0.0
4,1094,0.0
4,1094,0.0
4,1213,0.0
705,646,0.0
4,637,0.0
4,637,0.0
4,503,0.0
4,142,0.0
4,142,0.0
4,3,0.0
70,3,0.0
70,3,0.0
4,220,0.0
203,131,0.0
4,131,0.0
4,128,0.0
4,735,0.0
916,355,0.0
916,355,0.0
916,355,0.0
916,355,0.0
4,1151,0.0
4,1151,0.0
4,1151,0.0
4,160,0.0
4,1,0.0
1163,1,0.0
4,1,0.0
4,153,0.0
4,153,0.0
4,1,0.0
4,166,0.0
4,511,0.0
431,175,0.0
171,179,0.0
171,179,0.0
171,179,0.0
171,1214,0.0
171,1214,0.0
171,175,0.0
4,175,0.0
171,179,0.0
4,87,0.0
4,744,0.0
4,744,0.0
246,85,0.0
4,85,0.0
246,85,0.0
4,30,0.0
603,23,0.0
70,158,0.0
4,193,0.0
4,1215,0.0
4,1216,0.0
47,8,0.0
4,1217,0.0
21,22,0.0
21,226,0.0
4,99,0.0
4,234,0.0
4,234,0.0
4,243,0.0
4,241,0.0
4,237,0.0
4,237,0.0
381,883,0.0
4,242,0.0
705,242,0.0
4,242,0.0
4,241,0.0
705,242,0.0
4,243,0.0
4,243,0.0
4,243,0.0
4,243,0.0
93,192,0.0
4,239,0.0
171,239,0.0
335,132,0.0
4,132,0.0
4,253,0.0
4,694,0.0
716,110,0.0
984,9,0.0
4,9,0.0
910,9,0.0
984,9,0.0
4,110,0.0
93,244,0.0
139,78,0.0
139,78,0.0
932,1218,0.0
714,39,0.0
431,472,0.0
4,325,0.0
4,468,0.0
4,468,0.0
4,420,0.0
4,420,0.0
266,589,0.0
266,589,0.0
266,589,0.0
4,909,0.0
4,909,0.0
21,344,0.0
4,169,0.0
4,169,0.0
4,75,0.0
4,75,0.0
4,75,0.0
4,576,0.0
4,576,0.0
4,576,0.0
4,230,0.0
4,230,0.0
4,1157,0.0
4,1157,0.0
4,1157,0.0
996,4,0.0
4,4,0.0
1137,4,0.0
1137,4,0.0
118,118,0.0
432,4,0.0
432,4,0.0
208,381,0.0
4,4,0.0
4,93,0.0
4,93,0.0
4,4,0.0
4,705,0.0
4,4,0.0
92,1137,0.0
20,4,0.0
716,4,0.0
4,4,0.0
208,4,0.0
4,4,0.0
4,4,0.0
476,266,0.0
246,347,0.0
21,4,0.0
4,4,0.0
70,4,0.0
4,4,0.0
4,4,0.0
4,20,0.0
203,81,0.0
171,171,0.0
171,171,0.0
381,7,0.0
4,151,0.0
4,151,0.0
4,4,0.0
4,4,0.0
4,4,0.0
4,498,0.0
910,498,0.0
4,92,0.0
4,4,0.0
171,1214,0.0
4,175,0.0
171,1214,0.0
4,4,0.0
93,4,0.0
1137,92,0.0
4,4,0.0
345,14,0.0
345,14,0.0
348,224,0.0
5,503,0.0
5,503,0.0
326,23,0.0
343,30,0.0
348,30,0.0
348,30,0.0
457,1184,0.0
5,107,0.0
5,107,0.0
5,107,0.0
5,107,0.0
5,107,0.0
5,107,0.0
5,107,0.0
326,675,0.0
348,253,0.0
716,312,0.0
716,312,0.0
21,1046,0.0
21,1046,0.0
326,171,0.0
326,4,0.0
326,171,0.0
603,603,0.0
326,326,0.0
326,4,0.0
4,21,0.0
705,153,0.0
4,1,0.0
4,153,0.0
4,153,0.0
4,4,0.0
4,4,0.0
4,208,0.0
4,4,0.0
354,735,0.0
354,735,0.0
354,735,0.0
347,494,0.0
4,87,0.0
347,244,0.0
354,589,0.0
460,6,0.0
460,6,0.0
4,4,0.0
4,47,0.0
347,4,0.0
347,246,0.0
347,4,0.0
347,246,0.0
347,246,0.0
4,21,0.0
932,932,0.0
20,4,0.0
927,74,0.0
303,410,0.0
303,410,0.0
303,681,0.0
461,268,0.0
461,268,0.0
382,1197,0.0
382,1198,0.0
1219,1220,0.0
1198,1197,0.0
1198,382,0.0
1221,174,0.0
1221,325,0.0
1035,52,0.0
1035,52,0.0
836,100,0.0
836,100,0.0
74,51,0.0
295,238,0.0
524,524,0.0
64,63,0.0
524,64,0.0
1262,430,0.0
467,21,0.0
467,21,0.0
246,910,0.0
633,1090,0.0
661,974,0.0
974,661,0.0
24,24,0.0
24,24,0.0
24,24,0.0
24,24,0.0
36,273,0.0
14,1247,0.0
14,1247,0.0
14,310,0.0
311,317,0.0
311,104,0.0
311,193,0.0
48,266,0.0
370,370,0.0
52,453,0.0
52,277,0.0
52,441,0.0
368,4,0.0
52,52,0.0
215,170,0.0
58,60,0.0
58,60,0.0
62,543,0.0
62,543,0.0
62,64,0.0
481,1184,0.0
317,311,0.0
51,153,0.0
51,175,0.0
81,189,0.0
81,189,0.0
83,963,0.0
83,963,0.0
81,238,0.0
81,192,0.0
81,192,0.0
86,9,0.0
86,9,0.0
86,9,0.0
51,33,0.0
81,333,0.0
1150,4,0.0
86,4,0.0
86,4,0.0
86,4,0.0
86,165,0.0
104,63,0.0
1084,817,0.0
95,81,0.0
74,140,0.0
95,318,0.0
95,318,0.0
74,4,0.0
633,1090,0.0
1263,927,0.0
835,12,0.0
835,12,0.0
7,14,0.0
7,56,0.0
7,56,0.0
7,56,0.0
16,16,0.0
7,154,0.0
183,3,0.0
7,153,0.0
183,153,0.0
13,206,0.0
16,8,0.0
16,107,0.0
493,430,0.0
7,126,0.0
7,126,0.0
119,244,0.0
119,244,0.0
119,244,0.0
713,472,0.0
7,749,0.0
7,749,0.0
7,629,0.0
7,4,0.0
119,4,0.0
119,4,0.0
7,4,0.0
7,719,0.0
7,4,0.0
1094,502,0.0
1094,262,0.0
1264,24,0.0
1264,24,0.0
1264,24,0.0
503,503,0.0
503,262,0.0
503,1151,0.0
503,1151,0.0
503,1151,0.0
503,4,0.0
503,4,0.0
503,927,0.0
128,104,0.0
140,74,0.0
154,7,0.0
262,502,0.0
262,503,0.0
3,1265,0.0
3,160,0.0
3,175,0.0
3,175,0.0
142,531,0.0
3,1196,0.0
262,244,0.0
262,244,0.0
398,344,0.0
398,344,0.0
398,344,0.0
398,344,0.0
398,344,0.0
398,344,0.0
3,959,0.0
3,146,0.0
1266,230,0.0
1266,230,0.0
3,4,0.0
3,4,0.0
3,4,0.0
3,4,0.0
3,4,0.0
3,171,0.0
399,8,0.0
149,144,0.0
149,4,0.0
149,4,0.0
144,5,0.0
149,149,0.0
149,31,0.0
144,149,0.0
141,149,0.0
1265,3,0.0
153,51,0.0
153,183,0.0
1,119,0.0
1,3,0.0
153,200,0.0
1,30,0.0
1,9,0.0
1,4,0.0
153,4,0.0
1,4,0.0
153,4,0.0
160,4,0.0
153,331,0.0
153,331,0.0
153,4,0.0
153,4,0.0
153,916,0.0
153,4,0.0
153,4,0.0
153,4,0.0
162,4,0.0
153,331,0.0
153,331,0.0
153,1267,0.0
153,1267,0.0
153,246,0.0
153,4,0.0
153,4,0.0
153,5,0.0
1268,494,0.0
1268,30,0.0
511,165,0.0
511,4,0.0
511,4,0.0
511,165,0.0
1269,246,0.0
514,12,0.0
514,12,0.0
155,124,0.0
155,124,0.0
155,1247,0.0
155,1247,0.0
63,524,0.0
63,104,0.0
172,175,0.0
172,175,0.0
172,175,0.0
172,744,0.0
1270,238,0.0
63,11,0.0
63,11,0.0
175,51,0.0
175,224,0.0
175,224,0.0
175,3,0.0
175,3,0.0
175,155,0.0
175,172,0.0
175,172,0.0
175,172,0.0
175,238,0.0
746,259,0.0
175,305,0.0
175,959,0.0
654,12,0.0
654,12,0.0
1271,1272,0.0
1271,1272,0.0
1271,1272,0.0
1271,1272,0.0
1271,125,0.0
1271,125,0.0
1271,520,0.0
1271,520,0.0
1271,520,0.0
1271,520,0.0
1272,1271,0.0
1272,1271,0.0
1272,1271,0.0
1272,1271,0.0
1272,125,0.0
1272,520,0.0
1272,520,0.0
189,52,0.0
193,104,0.0
318,95,0.0
125,7,0.0
158,142,0.0
158,131,0.0
200,153,0.0
744,172,0.0
158,175,0.0
125,1271,0.0
125,1271,0.0
125,1271,0.0
125,1271,0.0
125,1272,0.0
125,1272,0.0
158,256,0.0
264,560,0.0
85,206,0.0
1273,265,0.0
1273,265,0.0
1273,265,0.0
157,107,0.0
157,107,0.0
182,295,0.0
182,295,0.0
1274,242,0.0
1274,242,0.0
158,242,0.0
158,242,0.0
30,244,0.0
264,40,0.0
201,1275,0.0
201,1275,0.0
125,520,0.0
125,520,0.0
30,11,0.0
30,599,0.0
877,333,0.0
232,4,0.0
23,714,0.0
23,714,0.0
200,1276,0.0
200,4,0.0
200,1276,0.0
23,4,0.0
23,714,0.0
232,4,0.0
413,716,0.0
1277,148,0.0
991,51,0.0
1184,244,0.0
206,16,0.0
8,16,0.0
8,399,0.0
8,399,0.0
8,75,0.0
8,4,0.0
1185,1207,0.0
1246,64,0.0
1278,531,0.0
1278,531,0.0
1278,531,0.0
1278,39,0.0
1246,1247,0.0
1246,1247,0.0
989,74,0.0
1279,137,0.0
54,179,0.0
1280,1281,0.0
1280,1281,0.0
265,1282,0.0
673,507,0.0
265,527,0.0
265,238,0.0
1283,1281,0.0
1283,1281,0.0
265,265,0.0
1284,1285,0.0
226,169,0.0
22,75,0.0
226,169,0.0
99,12,0.0
99,12,0.0
32,397,0.0
32,397,0.0
233,107,0.0
233,243,0.0
238,735,0.0
238,131,0.0
238,172,0.0
238,172,0.0
238,1270,0.0
238,175,0.0
1190,360,0.0
527,265,0.0
238,265,0.0
238,426,0.0
238,253,0.0
238,132,0.0
238,927,0.0
238,927,0.0
238,142,0.0
2,220,0.0
2,220,0.0
424,413,0.0
424,343,0.0
2,2,0.0
453,1104,0.0
427,368,0.0
453,1104,0.0
242,1274,0.0
242,158,0.0
242,158,0.0
610,24,0.0
610,24,0.0
453,1286,0.0
453,1286,0.0
243,1144,0.0
241,4,0.0
243,4,0.0
241,4,0.0
453,1267,0.0
453,1267,0.0
453,1267,0.0
453,4,0.0
243,202,0.0
426,4,0.0
243,202,0.0
241,4,0.0
241,4,0.0
340,82,0.0
1262,8,0.0
1262,8,0.0
1262,1127,0.0
1287,1288,0.0
559,735,0.0
559,18,0.0
247,424,0.0
192,52,0.0
55,81,0.0
55,81,0.0
55,81,0.0
192,340,0.0
55,246,0.0
55,246,0.0
192,343,0.0
192,4,0.0
192,716,0.0
192,70,0.0
686,12,0.0
686,12,0.0
258,7,0.0
132,310,0.0
132,310,0.0
258,4,0.0
259,746,0.0
259,244,0.0
109,1289,0.0
126,82,0.0
261,1290,0.0
126,1006,0.0
892,6,0.0
267,11,0.0
694,4,0.0
261,4,0.0
110,4,0.0
126,142,0.0
126,314,0.0
244,119,0.0
244,119,0.0
244,395,0.0
244,262,0.0
244,1184,0.0
244,1184,0.0
244,1184,0.0
244,1184,0.0
244,4,0.0
244,4,0.0
244,582,0.0
277,52,0.0
277,52,0.0
1291,693,0.0
1127,1262,0.0
1127,1127,0.0
1127,1127,0.0
472,713,0.0
900,901,0.0
281,266,0.0
281,4,0.0
547,82,0.0
1292,175,0.0
286,1293,0.0
167,24,0.0
24,12,0.0
1294,75,0.0
718,72,0.0
718,72,0.0
718,888,0.0
718,888,0.0
718,888,0.0
718,171,0.0
718,171,0.0
718,171,0.0
718,1137,0.0
718,4,0.0
1082,6,0.0
468,1094,0.0
468,262,0.0
468,262,0.0
468,262,0.0
468,262,0.0
1286,453,0.0
1286,453,0.0
1295,4,0.0
1295,4,0.0
1295,4,0.0
1295,4,0.0
40,40,0.0
40,40,0.0
1275,201,0.0
749,7,0.0
749,7,0.0
305,1296,0.0
305,11,0.0
749,4,0.0
273,36,0.0
344,398,0.0
344,398,0.0
344,398,0.0
310,14,0.0
1247,14,0.0
1247,419,0.0
1247,126,0.0
1247,419,0.0
1247,126,0.0
310,310,0.0
310,310,0.0
785,12,0.0
136,107,0.0
1297,75,0.0
146,3,0.0
442,1298,0.0
442,1298,0.0
443,4,0.0
443,70,0.0
75,8,0.0
169,226,0.0
75,22,0.0
169,226,0.0
169,132,0.0
75,1297,0.0
169,913,0.0
75,913,0.0
75,913,0.0
1299,75,0.0
169,831,0.0
275,834,0.0
275,834,0.0
75,1288,0.0
75,1288,0.0
169,831,0.0
1063,210,0.0
1207,1300,0.0
1063,1063,0.0
1063,1300,0.0
520,1271,0.0
520,1271,0.0
520,1271,0.0
520,1271,0.0
520,1272,0.0
520,1272,0.0
520,125,0.0
33,279,0.0
33,279,0.0
320,12,0.0
320,12,0.0
1301,12,0.0
1301,12,0.0
6,142,0.0
314,3,0.0
6,6,0.0
6,6,0.0
6,314,0.0
6,1302,0.0
6,11,0.0
314,11,0.0
314,11,0.0
314,11,0.0
314,11,0.0
6,11,0.0
6,11,0.0
6,11,0.0
6,1303,0.0
6,1303,0.0
314,3,0.0
314,158,0.0
6,314,0.0
6,314,0.0
1304,835,0.0
1304,835,0.0
1304,835,0.0
1304,585,0.0
1304,585,0.0
11,104,0.0
1302,142,0.0
228,557,0.0
599,155,0.0
11,63,0.0
11,63,0.0
599,30,0.0
11,671,0.0
11,671,0.0
11,66,0.0
11,267,0.0
11,267,0.0
1302,6,0.0
11,6,0.0
11,314,0.0
11,6,0.0
1302,6,0.0
1302,6,0.0
1302,314,0.0
228,11,0.0
599,11,0.0
11,228,0.0
11,599,0.0
230,107,0.0
230,107,0.0
230,107,0.0
230,202,0.0
60,58,0.0
316,316,0.0
316,316,0.0
316,316,0.0
316,316,0.0
266,48,0.0
171,368,0.0
171,368,0.0
4,51,0.0
4,1305,0.0
4,1150,0.0
165,86,0.0
165,86,0.0
4,86,0.0
4,86,0.0
4,86,0.0
4,86,0.0
4,379,0.0
266,74,0.0
4,95,0.0
4,16,0.0
4,713,0.0
4,16,0.0
4,16,0.0
4,7,0.0
716,810,0.0
716,810,0.0
4,3,0.0
266,142,0.0
266,142,0.0
4,3,0.0
20,1,0.0
20,153,0.0
331,153,0.0
4,153,0.0
916,153,0.0
331,153,0.0
331,153,0.0
331,153,0.0
4,153,0.0
4,153,0.0
4,153,0.0
916,153,0.0
331,153,0.0
971,877,0.0
1276,200,0.0
4,200,0.0
1276,200,0.0
266,158,0.0
4,30,0.0
4,877,0.0
971,877,0.0
4,8,0.0
4,8,0.0
4,1306,0.0
4,241,0.0
4,243,0.0
1267,453,0.0
1267,453,0.0
1267,453,0.0
4,453,0.0
4,241,0.0
4,243,0.0
4,243,0.0
983,258,0.0
4,109,0.0
165,9,0.0
629,110,0.0
4,261,0.0
4,694,0.0
171,110,0.0
4,694,0.0
4,244,0.0
93,244,0.0
266,281,0.0
4,90,0.0
4,749,0.0
4,305,0.0
20,31,0.0
70,443,0.0
1163,1163,0.0
719,719,0.0
381,4,0.0
266,4,0.0
171,1307,0.0
4,1267,0.0
1276,246,0.0
1276,246,0.0
1097,5,0.0
246,348,0.0
4,4,0.0
4,4,0.0
432,4,0.0
20,359,0.0
397,32,0.0
397,32,0.0
202,1305,0.0
202,1305,0.0
716,810,0.0
716,716,0.0
4,432,0.0
202,4,0.0
4,4,0.0
246,153,0.0
4,153,0.0
4,153,0.0
1267,1267,0.0
246,1276,0.0
246,1276,0.0
434,345,0.0
434,345,0.0
434,5,0.0
5,3,0.0
5,144,0.0
5,30,0.0
925,435,0.0
348,4,0.0
4,7,0.0
4,4,0.0
535,343,0.0
460,262,0.0
460,268,0.0
460,4,0.0
460,714,0.0
460,4,0.0
927,238,0.0
927,238,0.0
1096,246,0.0
382,12,0.0
382,12,0.0
1308,142,0.0
1288,8,0.0
1288,8,0.0
1288,75,0.0
1288,75,0.0
582,244,0.0
359,20,0.0
1335,169,0.0
1335,75,0.0
72,228,0.0
175,175,0.0
175,175,0.0
30,72,0.0
132,55,0.0
268,169,0.0
44,543,0.0
1336,1063,0.0
44,44,0.0
44,44,0.0
44,44,0.0
677,494,0.0
1144,4,0.0
64,7,0.0
286,30,0.0
21,182,0.0
21,182,0.0
12,1337,0.0
14,151,0.0
14,1209,0.0
14,1209,0.0
14,110,0.0
14,230,0.0
14,230,0.0
14,171,0.0
311,733,0.0
311,999,0.0
1338,366,0.0
1338,30,0.0
806,852,0.0
852,1335,0.0
852,1335,0.0
806,1335,0.0
806,1335,0.0
806,267,0.0
52,52,0.0
52,52,0.0
1044,1339,0.0
1044,7,0.0
1131,159,0.0
1131,159,0.0
215,58,0.0
58,1063,0.0
524,62,0.0
524,62,0.0
64,7,0.0
62,237,0.0
62,237,0.0
64,237,0.0
65,44,0.0
65,44,0.0
65,44,0.0
1340,430,0.0
1340,430,0.0
81,505,0.0
91,13,0.0
81,1093,0.0
91,131,0.0
51,128,0.0
86,144,0.0
86,144,0.0
81,30,0.0
81,30,0.0
81,430,0.0
84,192,0.0
51,567,0.0
81,892,0.0
81,472,0.0
51,24,0.0
729,146,0.0
81,4,0.0
81,4,0.0
51,4,0.0
485,354,0.0
80,224,0.0
80,224,0.0
104,104,0.0
104,104,0.0
104,140,0.0
104,23,0.0
80,146,0.0
104,1341,0.0
104,224,0.0
80,224,0.0
999,311,0.0
733,544,0.0
733,544,0.0
733,1296,0.0
733,1296,0.0
999,4,0.0
999,4,0.0
74,262,0.0
95,262,0.0
74,172,0.0
387,158,0.0
95,1088,0.0
74,90,0.0
74,90,0.0
95,146,0.0
74,146,0.0
95,146,0.0
74,75,0.0
74,75,0.0
74,103,0.0
74,76,0.0
74,230,0.0
74,74,0.0
74,74,0.0
387,144,0.0
387,144,0.0
74,271,0.0
98,325,0.0
1263,124,0.0
631,443,0.0
631,443,0.0
631,443,0.0
631,443,0.0
631,1063,0.0
631,4,0.0
631,4,0.0
631,4,0.0
1342,171,0.0
1342,171,0.0
13,52,0.0
1159,52,0.0
7,7,0.0
7,7,0.0
7,810,0.0
7,128,0.0
183,140,0.0
7,128,0.0
493,149,0.0
1343,8,0.0
7,8,0.0
7,190,0.0
7,109,0.0
7,305,0.0
16,589,0.0
7,958,0.0
734,597,0.0
734,597,0.0
7,322,0.0
7,328,0.0
7,4,0.0
16,4,0.0
493,4,0.0
183,4,0.0
7,7,0.0
1344,390,0.0
82,85,0.0
82,85,0.0
1345,416,0.0
82,346,0.0
82,346,0.0
82,346,0.0
503,231,0.0
140,505,0.0
128,51,0.0
142,729,0.0
129,485,0.0
129,485,0.0
262,74,0.0
262,95,0.0
128,7,0.0
137,949,0.0
137,949,0.0
3,23,0.0
262,991,0.0
262,991,0.0
262,1346,0.0
262,1346,0.0
220,1197,0.0
128,1063,0.0
128,1063,0.0
128,67,0.0
577,330,0.0
577,330,0.0
577,4,0.0
577,4,0.0
374,4,0.0
374,4,0.0
142,354,0.0
3,303,0.0
144,74,0.0
144,74,0.0
149,493,0.0
149,144,0.0
1347,1097,0.0
1347,1097,0.0
149,128,0.0
144,149,0.0
144,144,0.0
830,262,0.0
141,141,0.0
144,144,0.0
141,149,0.0
141,1348,0.0
160,14,0.0
151,14,0.0
1,390,0.0
162,74,0.0
162,16,0.0
153,153,0.0
153,178,0.0
1,30,0.0
153,158,0.0
153,158,0.0
153,1349,0.0
151,8,0.0
160,241,0.0
153,243,0.0
153,243,0.0
162,161,0.0
162,161,0.0
1,273,0.0
1,629,0.0
153,330,0.0
153,330,0.0
153,4,0.0
153,4,0.0
160,4,0.0
153,4,0.0
153,4,0.0
1,716,0.0
160,4,0.0
1,629,0.0
1350,4,0.0
1,716,0.0
160,165,0.0
160,165,0.0
153,4,0.0
153,153,0.0
494,136,0.0
1003,4,0.0
917,151,0.0
917,151,0.0
511,4,0.0
511,4,0.0
124,1263,0.0
72,262,0.0
72,262,0.0
72,262,0.0
72,172,0.0
72,63,0.0
72,63,0.0
72,63,0.0
72,172,0.0
72,172,0.0
155,191,0.0
155,191,0.0
72,146,0.0
72,146,0.0
72,146,0.0
172,62,0.0
172,62,0.0
172,74,0.0
172,7,0.0
172,7,0.0
172,72,0.0
172,72,0.0
174,172,0.0
172,158,0.0
63,314,0.0
172,314,0.0
63,314,0.0
174,230,0.0
172,174,0.0
1351,575,0.0
178,48,0.0
179,144,0.0
179,144,0.0
175,160,0.0
178,153,0.0
175,72,0.0
175,72,0.0
179,63,0.0
175,854,0.0
175,191,0.0
360,6,0.0
360,6,0.0
175,175,0.0
175,175,0.0
854,175,0.0
175,533,0.0
175,533,0.0
125,14,0.0
1209,14,0.0
198,807,0.0
566,377,0.0
566,377,0.0
193,51,0.0
30,81,0.0
158,51,0.0
158,51,0.0
30,742,0.0
30,742,0.0
30,485,0.0
23,104,0.0
158,104,0.0
85,7,0.0
85,7,0.0
158,1352,0.0
85,82,0.0
85,82,0.0
158,128,0.0
158,3,0.0
30,160,0.0
200,542,0.0
30,1298,0.0
30,1298,0.0
30,560,0.0
30,560,0.0
158,237,0.0
158,610,0.0
198,192,0.0
1181,252,0.0
200,1296,0.0
1209,110,0.0
85,90,0.0
85,90,0.0
30,24,0.0
158,167,0.0
30,167,0.0
158,305,0.0
30,44,0.0
23,44,0.0
198,44,0.0
158,31,0.0
0,331,0.0
30,4,0.0
0,4,0.0
23,4,0.0
23,985,0.0
125,1096,0.0
125,1096,0.0
125,461,0.0
1349,153,0.0
1349,44,0.0
539,286,0.0
816,261,0.0
1353,729,0.0
590,99,0.0
590,99,0.0
1088,309,0.0
1346,262,0.0
1346,262,0.0
1346,262,0.0
991,262,0.0
991,262,0.0
1346,1346,0.0
1346,146,0.0
1346,146,0.0
1346,146,0.0
991,146,0.0
991,146,0.0
1346,146,0.0
1346,1346,0.0
560,1354,0.0
560,4,0.0
560,4,0.0
8,3,0.0
8,128,0.0
206,160,0.0
206,160,0.0
206,160,0.0
206,160,0.0
206,160,0.0
206,160,0.0
8,151,0.0
1355,75,0.0
1355,75,0.0
1355,75,0.0
1356,1357,0.0
1356,1357,0.0
544,742,0.0
544,742,0.0
544,742,0.0
544,1358,0.0
544,449,0.0
1359,1360,0.0
223,325,0.0
223,325,0.0
223,325,0.0
191,82,0.0
1361,1362,0.0
1361,1362,0.0
1361,1362,0.0
99,6,0.0
99,6,0.0
99,6,0.0
99,199,0.0
99,199,0.0
99,199,0.0
99,199,0.0
99,199,0.0
99,5,0.0
99,354,0.0
1362,1361,0.0
1362,1361,0.0
1362,1361,0.0
99,354,0.0
99,354,0.0
107,75,0.0
107,75,0.0
238,4,0.0
238,4,0.0
1172,4,0.0
394,93,0.0
235,141,0.0
424,2,0.0
2,472,0.0
2,4,0.0
2,171,0.0
2,4,0.0
2,4,0.0
982,20,0.0
982,20,0.0
982,20,0.0
453,1335,0.0
243,153,0.0
243,153,0.0
338,87,0.0
1363,252,0.0
243,244,0.0
242,4,0.0
241,1364,0.0
1365,4,0.0
1365,4,0.0
242,705,0.0
241,1364,0.0
237,4,0.0
237,4,0.0
242,705,0.0
243,4,0.0
243,4,0.0
242,326,0.0
243,4,0.0
430,81,0.0
430,87,0.0
430,87,0.0
430,87,0.0
430,87,0.0
1262,528,0.0
430,430,0.0
636,1287,0.0
636,126,0.0
636,1366,0.0
430,81,0.0
430,81,0.0
430,430,0.0
564,85,0.0
564,85,0.0
564,85,0.0
559,2,0.0
559,2,0.0
559,192,0.0
192,84,0.0
192,559,0.0
192,139,0.0
192,139,0.0
192,4,0.0
251,684,0.0
685,685,0.0
251,684,0.0
251,684,0.0
684,6,0.0
210,104,0.0
567,16,0.0
567,16,0.0
210,1367,0.0
210,1367,0.0
258,110,0.0
132,44,0.0
210,715,0.0
210,715,0.0
254,1364,0.0
258,4,0.0
892,81,0.0
1296,733,0.0
1296,733,0.0
126,7,0.0
126,149,0.0
110,85,0.0
1296,200,0.0
110,85,0.0
110,1209,0.0
110,862,0.0
110,453,0.0
126,55,0.0
126,55,0.0
126,55,0.0
9,547,0.0
9,547,0.0
267,24,0.0
694,6,0.0
694,6,0.0
1296,4,0.0
1296,4,0.0
110,4,0.0
126,4,0.0
110,354,0.0
267,1335,0.0
267,1335,0.0
416,311,0.0
244,243,0.0
416,311,0.0
271,74,0.0
1368,137,0.0
1199,191,0.0
1199,190,0.0
1199,191,0.0
39,564,0.0
39,564,0.0
274,312,0.0
274,312,0.0
272,309,0.0
272,309,0.0
272,663,0.0
274,4,0.0
39,1369,0.0
277,7,0.0
277,7,0.0
26,72,0.0
1370,105,0.0
898,55,0.0
1371,4,0.0
547,4,0.0
547,1137,0.0
90,85,0.0
90,20,0.0
90,20,0.0
325,202,0.0
288,782,0.0
24,30,0.0
167,30,0.0
167,158,0.0
167,158,0.0
24,610,0.0
24,132,0.0
24,267,0.0
24,267,0.0
974,24,0.0
167,24,0.0
974,24,0.0
974,24,0.0
24,167,0.0
161,162,0.0
161,162,0.0
24,167,0.0
161,167,0.0
365,169,0.0
1372,75,0.0
1372,75,0.0
300,575,0.0
289,535,0.0
289,535,0.0
300,575,0.0
1373,1374,0.0
1375,4,0.0
57,175,0.0
57,175,0.0
993,1230,0.0
1376,128,0.0
305,158,0.0
305,158,0.0
127,87,0.0
127,87,0.0
305,57,0.0
305,169,0.0
1376,169,0.0
1376,169,0.0
28,264,0.0
44,23,0.0
44,158,0.0
44,1349,0.0
44,1349,0.0
44,132,0.0
44,132,0.0
114,114,0.0
44,44,0.0
114,44,0.0
1377,1378,0.0
1377,1378,0.0
1377,44,0.0
344,435,0.0
1379,1380,0.0
136,107,0.0
236,234,0.0
136,107,0.0
1297,7,0.0
1381,486,0.0
146,74,0.0
146,95,0.0
146,991,0.0
146,991,0.0
146,1346,0.0
146,1346,0.0
146,1346,0.0
1382,160,0.0
443,631,0.0
169,110,0.0
169,110,0.0
75,1383,0.0
75,1383,0.0
75,1383,0.0
169,75,0.0
75,6,0.0
75,6,0.0
1300,937,0.0
1063,128,0.0
1063,128,0.0
1063,1063,0.0
1384,200,0.0
309,1088,0.0
309,272,0.0
309,272,0.0
663,272,0.0
321,179,0.0
321,326,0.0
321,326,0.0
314,63,0.0
314,172,0.0
6,360,0.0
6,360,0.0
6,99,0.0
6,99,0.0
6,99,0.0
6,684,0.0
6,684,0.0
314,684,0.0
6,684,0.0
314,684,0.0
6,684,0.0
6,684,0.0
6,694,0.0
314,146,0.0
6,199,0.0
6,327,0.0
6,199,0.0
6,199,0.0
6,199,0.0
6,75,0.0
6,75,0.0
6,6,0.0
6,6,0.0
314,63,0.0
11,1335,0.0
11,1335,0.0
11,1385,0.0
11,262,0.0
11,72,0.0
11,72,0.0
11,72,0.0
11,228,0.0
228,1386,0.0
230,153,0.0
230,30,0.0
199,99,0.0
199,99,0.0
199,99,0.0
199,99,0.0
199,99,0.0
230,44,0.0
199,6,0.0
199,6,0.0
327,6,0.0
199,6,0.0
199,6,0.0
327,6,0.0
60,7,0.0
1374,1373,0.0
4,14,0.0
4,505,0.0
603,317,0.0
4,81,0.0
716,81,0.0
4,81,0.0
4,86,0.0
4,86,0.0
171,86,0.0
715,51,0.0
4,999,0.0
4,999,0.0
4,631,0.0
4,631,0.0
4,631,0.0
171,1342,0.0
4,108,0.0
4,119,0.0
4,119,0.0
4,108,0.0
705,7,0.0
4,396,0.0
4,137,0.0
4,577,0.0
93,262,0.0
20,3,0.0
786,160,0.0
629,1,0.0
4,153,0.0
716,1,0.0
20,151,0.0
4,153,0.0
4,160,0.0
4,151,0.0
4,1,0.0
4,151,0.0
679,153,0.0
4,1003,0.0
4,1003,0.0
4,124,0.0
705,172,0.0
705,172,0.0
705,63,0.0
4,877,0.0
4,30,0.0
4,232,0.0
47,30,0.0
47,30,0.0
47,30,0.0
47,30,0.0
4,1298,0.0
4,8,0.0
93,394,0.0
4,2,0.0
4,2,0.0
4,2,0.0
4,242,0.0
4,242,0.0
4,242,0.0
643,243,0.0
93,243,0.0
93,243,0.0
120,242,0.0
120,242,0.0
4,29,0.0
715,210,0.0
715,210,0.0
4,132,0.0
4,435,0.0
4,1296,0.0
4,1296,0.0
246,244,0.0
139,78,0.0
4,472,0.0
535,289,0.0
4,40,0.0
4,40,0.0
4,1375,0.0
4,1375,0.0
139,44,0.0
139,41,0.0
4,677,0.0
20,230,0.0
117,117,0.0
4,4,0.0
139,139,0.0
4,4,0.0
4,4,0.0
117,117,0.0
4,4,0.0
4,4,0.0
716,716,0.0
4,4,0.0
4,5,0.0
1364,5,0.0
4,5,0.0
4,4,0.0
4,4,0.0
4,4,0.0
1364,5,0.0
4,764,0.0
331,4,0.0
4,4,0.0
4,347,0.0
246,347,0.0
381,354,0.0
4,4,0.0
716,716,0.0
4,303,0.0
4,303,0.0
4,303,0.0
602,1387,0.0
602,1387,0.0
207,1098,0.0
207,1098,0.0
4,192,0.0
4,140,0.0
4,476,0.0
1364,5,0.0
1364,5,0.0
1364,5,0.0
4,153,0.0
4,243,0.0
4,243,0.0
4,87,0.0
5,32,0.0
5,32,0.0
326,242,0.0
21,21,0.0
4,4,0.0
460,73,0.0
460,73,0.0
354,86,0.0
354,86,0.0
354,86,0.0
460,153,0.0
4,862,0.0
354,543,0.0
354,543,0.0
347,244,0.0
347,246,0.0
347,246,0.0
347,20,0.0
347,20,0.0
347,4,0.0
4,4,0.0
4,4,0.0
347,4,0.0
347,20,0.0
347,20,0.0
347,20,0.0
1369,39,0.0
461,14,0.0
1388,1209,0.0
1387,602,0.0
1387,602,0.0
1098,207,0.0
836,4,0.0
1341,104,0.0
828,389,0.0
828,389,0.0
268,44,0.0
44,268,0.0
30,24,0.0
989,425,0.0
238,230,0.0
559,312,0.0
559,312,0.0
559,572,0.0
24,24,0.0
177,228,0.0
177,11,0.0
266,321,0.0
266,321,0.0
30,167,0.0
433,433,0.0
273,1,0.0
12,37,0.0
12,74,0.0
12,74,0.0
36,533,0.0
36,533,0.0
12,38,0.0
36,39,0.0
12,1200,0.0
1030,1200,0.0
1030,44,0.0
12,321,0.0
12,4,0.0
12,4,0.0
36,171,0.0
36,171,0.0
36,37,0.0
37,12,0.0
37,12,0.0
37,36,0.0
12,38,0.0
14,119,0.0
14,1158,0.0
14,1158,0.0
14,72,0.0
14,176,0.0
14,176,0.0
14,200,0.0
14,200,0.0
14,571,0.0
14,571,0.0
14,571,0.0
14,571,0.0
14,974,0.0
14,615,0.0
14,615,0.0
14,615,0.0
1145,578,0.0
311,158,0.0
311,1443,0.0
311,44,0.0
311,343,0.0
474,44,0.0
48,44,0.0
474,28,0.0
366,30,0.0
366,30,0.0
366,1157,0.0
366,1157,0.0
52,52,0.0
56,52,0.0
370,91,0.0
52,7,0.0
56,7,0.0
475,128,0.0
56,141,0.0
56,141,0.0
56,141,0.0
56,141,0.0
915,172,0.0
915,172,0.0
619,267,0.0
52,267,0.0
505,344,0.0
915,4,0.0
915,4,0.0
915,4,0.0
915,4,0.0
505,382,0.0
505,382,0.0
505,382,0.0
52,56,0.0
480,1078,0.0
68,125,0.0
68,125,0.0
1444,1445,0.0
317,311,0.0
91,370,0.0
224,74,0.0
224,74,0.0
51,3,0.0
1152,577,0.0
51,158,0.0
51,158,0.0
51,430,0.0
224,192,0.0
224,192,0.0
51,1286,0.0
83,165,0.0
86,382,0.0
485,486,0.0
485,486,0.0
104,104,0.0
80,3,0.0
104,314,0.0
104,314,0.0
104,314,0.0
104,314,0.0
104,314,0.0
104,80,0.0
104,104,0.0
74,12,0.0
74,12,0.0
74,387,0.0
74,95,0.0
74,74,0.0
74,95,0.0
74,74,0.0
74,160,0.0
74,172,0.0
74,175,0.0
74,989,0.0
74,2,0.0
74,2,0.0
387,453,0.0
74,453,0.0
74,267,0.0
1446,126,0.0
74,126,0.0
74,267,0.0
74,267,0.0
74,342,0.0
74,342,0.0
74,1200,0.0
74,1200,0.0
74,78,0.0
74,749,0.0
74,749,0.0
74,749,0.0
74,1071,0.0
95,312,0.0
95,312,0.0
95,492,0.0
74,76,0.0
74,76,0.0
74,76,0.0
74,851,0.0
74,21,0.0
74,1446,0.0
74,1446,0.0
95,1071,0.0
74,264,0.0
74,264,0.0
387,387,0.0
387,86,0.0
387,74,0.0
98,325,0.0
98,4,0.0
640,12,0.0
119,14,0.0
183,74,0.0
183,74,0.0
183,74,0.0
1447,1344,0.0
7,949,0.0
7,949,0.0
1448,137,0.0
7,845,0.0
640,137,0.0
7,172,0.0
7,172,0.0
7,63,0.0
7,87,0.0
7,744,0.0
7,744,0.0
7,618,0.0
7,242,0.0
7,532,0.0
16,749,0.0
16,44,0.0
16,44,0.0
7,44,0.0
7,44,0.0
7,44,0.0
7,273,0.0
7,44,0.0
7,44,0.0
7,230,0.0
7,4,0.0
183,4,0.0
183,4,0.0
112,4,0.0
112,4,0.0
112,4,0.0
183,4,0.0
112,4,0.0
7,339,0.0
7,4,0.0
7,4,0.0
119,4,0.0
119,4,0.0
119,4,0.0
183,171,0.0
183,4,0.0
7,4,0.0
119,1138,0.0
7,56,0.0
7,7,0.0
7,38,0.0
810,7,0.0
82,7,0.0
82,7,0.0
82,142,0.0
82,142,0.0
105,420,0.0
1213,4,0.0
1449,171,0.0
503,262,0.0
502,416,0.0
502,416,0.0
502,468,0.0
502,468,0.0
502,4,0.0
502,4,0.0
577,1152,0.0
128,13,0.0
1450,7,0.0
1450,7,0.0
845,7,0.0
1450,7,0.0
262,1094,0.0
262,502,0.0
262,503,0.0
3,153,0.0
129,30,0.0
142,0,0.0
845,744,0.0
128,1363,0.0
128,1363,0.0
3,126,0.0
137,775,0.0
128,24,0.0
128,24,0.0
845,114,0.0
845,321,0.0
3,4,0.0
3,4,0.0
128,1267,0.0
3,4,0.0
3,4,0.0
142,705,0.0
847,165,0.0
847,331,0.0
262,21,0.0
845,1451,0.0
845,1451,0.0
149,7,0.0
149,149,0.0
149,149,0.0
355,144,0.0
144,141,0.0
144,141,0.0
149,144,0.0
149,144,0.0
645,645,0.0
645,645,0.0
144,155,0.0
144,182,0.0
355,441,0.0
149,19,0.0
149,19,0.0
149,19,0.0
149,572,0.0
149,141,0.0
149,19,0.0
149,572,0.0
149,230,0.0
144,230,0.0
149,230,0.0
830,262,0.0
848,1,0.0
848,1,0.0
848,1,0.0
1053,22,0.0
1053,22,0.0
1,848,0.0
1,848,0.0
153,4,0.0
153,1267,0.0
153,348,0.0
1158,14,0.0
494,44,0.0
797,136,0.0
797,136,0.0
494,494,0.0
494,494,0.0
494,1153,0.0
494,210,0.0
494,210,0.0
797,136,0.0
511,1055,0.0
511,1055,0.0
511,1055,0.0
511,492,0.0
511,492,0.0
511,492,0.0
511,246,0.0
155,144,0.0
72,854,0.0
72,854,0.0
72,146,0.0
172,74,0.0
172,74,0.0
172,74,0.0
172,828,0.0
172,828,0.0
174,7,0.0
172,144,0.0
172,144,0.0
63,72,0.0
172,72,0.0
172,158,0.0
63,402,0.0
174,7,0.0
918,918,0.0
918,918,0.0
176,14,0.0
176,14,0.0
178,12,0.0
178,12,0.0
175,74,0.0
175,74,0.0
360,98,0.0
179,63,0.0
1452,200,0.0
746,300,0.0
746,300,0.0
175,44,0.0
175,44,0.0
178,12,0.0
360,98,0.0
854,99,0.0
854,6,0.0
854,6,0.0
175,12,0.0
175,12,0.0
158,36,0.0
30,37,0.0
30,619,0.0
182,368,0.0
201,1103,0.0
201,1103,0.0
182,368,0.0
34,480,0.0
34,480,0.0
158,51,0.0
158,51,0.0
158,51,0.0
158,51,0.0
0,51,0.0
744,80,0.0
531,74,0.0
30,74,0.0
30,95,0.0
0,98,0.0
200,98,0.0
182,640,0.0
85,7,0.0
528,183,0.0
0,577,0.0
85,3,0.0
158,262,0.0
158,262,0.0
955,128,0.0
182,144,0.0
30,494,0.0
1055,511,0.0
158,158,0.0
158,158,0.0
566,543,0.0
158,989,0.0
1180,989,0.0
182,989,0.0
853,953,0.0
853,953,0.0
182,657,0.0
1453,191,0.0
182,99,0.0
158,107,0.0
1454,234,0.0
23,241,0.0
23,241,0.0
413,414,0.0
30,210,0.0
158,1455,0.0
30,210,0.0
1456,253,0.0
182,253,0.0
182,253,0.0
30,126,0.0
30,110,0.0
30,126,0.0
30,126,0.0
34,261,0.0
30,110,0.0
182,261,0.0
30,1427,0.0
30,167,0.0
30,167,0.0
182,44,0.0
182,44,0.0
34,44,0.0
30,44,0.0
30,44,0.0
182,44,0.0
125,44,0.0
85,44,0.0
182,44,0.0
30,44,0.0
181,44,0.0
182,570,0.0
125,570,0.0
182,570,0.0
1055,570,0.0
30,570,0.0
410,995,0.0
410,995,0.0
410,995,0.0
410,995,0.0
158,1438,0.0
0,662,0.0
0,662,0.0
0,662,0.0
158,19,0.0
30,614,0.0
30,614,0.0
181,307,0.0
181,307,0.0
158,314,0.0
158,6,0.0
158,6,0.0
158,314,0.0
0,4,0.0
85,4,0.0
85,4,0.0
125,1457,0.0
862,7,0.0
668,153,0.0
668,115,0.0
669,755,0.0
158,158,0.0
205,22,0.0
205,22,0.0
205,22,0.0
206,4,0.0
8,120,0.0
8,266,0.0
213,213,0.0
543,64,0.0
543,407,0.0
543,1425,0.0
419,253,0.0
989,1180,0.0
544,742,0.0
544,742,0.0
1458,83,0.0
890,1344,0.0
1458,158,0.0
657,182,0.0
265,853,0.0
265,1102,0.0
1459,4,0.0
890,1344,0.0
1458,1458,0.0
223,51,0.0
22,48,0.0
22,48,0.0
226,22,0.0
226,22,0.0
22,99,0.0
22,99,0.0
226,110,0.0
226,110,0.0
22,4,0.0
22,4,0.0
22,266,0.0
22,4,0.0
22,4,0.0
22,4,0.0
22,5,0.0
226,110,0.0
32,261,0.0
99,75,0.0
99,75,0.0
99,6,0.0
99,6,0.0
99,6,0.0
99,6,0.0
107,158,0.0
107,158,0.0
107,675,0.0
107,675,0.0
234,236,0.0
107,136,0.0
107,136,0.0
107,136,0.0
234,831,0.0
107,11,0.0
107,11,0.0
234,714,0.0
234,234,0.0
107,33,0.0
107,107,0.0
675,107,0.0
675,107,0.0
1460,6,0.0
2,274,0.0
2,277,0.0
423,4,0.0
883,915,0.0
883,915,0.0
243,142,0.0
338,137,0.0
243,232,0.0
242,23,0.0
1421,23,0.0
1421,23,0.0
610,24,0.0
242,24,0.0
242,24,0.0
241,44,0.0
241,44,0.0
562,44,0.0
338,4,0.0
338,171,0.0
338,171,0.0
237,901,0.0
237,4,0.0
241,4,0.0
243,246,0.0
340,4,0.0
883,4,0.0
883,4,0.0
243,602,0.0
237,665,0.0
243,4,0.0
340,4,0.0
243,4,0.0
883,117,0.0
883,4,0.0
237,428,0.0
29,382,0.0
29,382,0.0
453,382,0.0
242,1461,0.0
559,1462,0.0
559,1462,0.0
559,356,0.0
247,559,0.0
559,253,0.0
559,27,0.0
559,27,0.0
247,1085,0.0
559,312,0.0
564,1071,0.0
247,1085,0.0
247,1085,0.0
564,1071,0.0
559,1085,0.0
564,1072,0.0
247,1085,0.0
247,266,0.0
247,266,0.0
356,55,0.0
564,1072,0.0
564,1071,0.0
55,356,0.0
55,4,0.0
192,4,0.0
685,499,0.0
1455,158,0.0
210,158,0.0
254,268,0.0
210,325,0.0
130,167,0.0
254,44,0.0
254,44,0.0
302,44,0.0
1443,273,0.0
252,568,0.0
252,568,0.0
252,568,0.0
1194,1463,0.0
1194,1463,0.0
267,619,0.0
267,52,0.0
66,375,0.0
126,1446,0.0
267,74,0.0
267,74,0.0
268,7,0.0
110,176,0.0
267,158,0.0
126,0,0.0
267,30,0.0
267,30,0.0
435,668,0.0
126,234,0.0
126,325,0.0
126,325,0.0
126,24,0.0
110,24,0.0
268,1025,0.0
268,1025,0.0
268,1025,0.0
38,1072,0.0
38,1072,0.0
267,138,0.0
267,138,0.0
694,4,0.0
66,4,0.0
126,4,0.0
341,345,0.0
416,502,0.0
244,246,0.0
39,36,0.0
1200,12,0.0
1200,1030,0.0
1200,1030,0.0
723,36,0.0
227,12,0.0
1078,480,0.0
1078,480,0.0
1200,74,0.0
1200,74,0.0
39,324,0.0
39,324,0.0
111,27,0.0
111,27,0.0
1200,44,0.0
1464,136,0.0
227,327,0.0
271,1465,0.0
271,1465,0.0
1200,4,0.0
1200,4,0.0
227,500,0.0
277,4,0.0
342,21,0.0
277,4,0.0
227,24,0.0
227,24,0.0
227,24,0.0
227,24,0.0
1466,1467,0.0
325,729,0.0
325,486,0.0
325,486,0.0
90,6,0.0
90,327,0.0
90,327,0.0
325,171,0.0
325,5,0.0
325,5,0.0
284,24,0.0
473,382,0.0
473,382,0.0
286,3,0.0
1468,615,0.0
1468,615,0.0
974,14,0.0
24,158,0.0
24,87,0.0
24,87,0.0
24,1363,0.0
24,1421,0.0
24,610,0.0
24,565,0.0
24,110,0.0
167,126,0.0
24,227,0.0
24,1206,0.0
1206,24,0.0
1469,107,0.0
1469,115,0.0
1470,146,0.0
305,7,0.0
993,410,0.0
749,0,0.0
305,222,0.0
305,222,0.0
605,107,0.0
748,1471,0.0
749,4,0.0
1471,224,0.0
907,169,0.0
44,1030,0.0
44,36,0.0
273,377,0.0
44,379,0.0
44,51,0.0
44,7,0.0
44,16,0.0
44,16,0.0
273,7,0.0
41,119,0.0
44,635,0.0
41,119,0.0
114,82,0.0
114,82,0.0
44,175,0.0
44,175,0.0
44,30,0.0
44,30,0.0
1472,1473,0.0
44,30,0.0
44,182,0.0
44,182,0.0
44,125,0.0
44,85,0.0
44,30,0.0
44,158,0.0
44,533,0.0
44,533,0.0
44,158,0.0
44,158,0.0
44,158,0.0
114,255,0.0
273,543,0.0
44,241,0.0
44,1141,0.0
44,1141,0.0
44,241,0.0
44,241,0.0
44,302,0.0
273,1443,0.0
273,565,0.0
1472,1443,0.0
44,1200,0.0
44,1111,0.0
44,277,0.0
44,441,0.0
44,441,0.0
44,441,0.0
44,1373,0.0
44,44,0.0
44,44,0.0
44,44,0.0
44,977,0.0
44,977,0.0
44,307,0.0
44,307,0.0
44,307,0.0
44,321,0.0
44,321,0.0
44,327,0.0
44,230,0.0
44,7,0.0
44,7,0.0
44,744,0.0
44,744,0.0
44,44,0.0
44,44,0.0
44,44,0.0
44,321,0.0
44,321,0.0
44,1451,0.0
570,125,0.0
570,182,0.0
570,81,0.0
44,158,0.0
44,44,0.0
44,44,0.0
44,570,0.0
44,44,0.0
909,453,0.0
909,344,0.0
727,983,0.0
344,505,0.0
1474,453,0.0
1474,344,0.0
995,410,0.0
995,410,0.0
1071,74,0.0
1085,27,0.0
1085,27,0.0
312,1475,0.0
312,354,0.0
1072,38,0.0
1072,38,0.0
1071,1085,0.0
312,312,0.0
1476,85,0.0
1476,85,0.0
115,494,0.0
115,1158,0.0
136,533,0.0
136,533,0.0
236,234,0.0
136,107,0.0
136,107,0.0
115,605,0.0
662,0,0.0
403,442,0.0
25,1477,0.0
1478,11,0.0
1478,11,0.0
138,267,0.0
449,367,0.0
449,367,0.0
449,367,0.0
19,44,0.0
19,44,0.0
146,104,0.0
146,830,0.0
614,30,0.0
146,1470,0.0
568,252,0.0
568,252,0.0
568,252,0.0
169,3,0.0
75,99,0.0
75,99,0.0
75,11,0.0
75,228,0.0
169,327,0.0
169,327,0.0
169,21,0.0
169,327,0.0
169,327,0.0
1046,914,0.0
1046,299,0.0
1046,299,0.0
307,44,0.0
307,44,0.0
307,44,0.0
307,11,0.0
307,11,0.0
307,11,0.0
309,171,0.0
309,171,0.0
663,1451,0.0
663,1451,0.0
1208,7,0.0
1479,520,0.0
33,198,0.0
33,198,0.0
33,107,0.0
321,12,0.0
321,36,0.0
321,845,0.0
321,744,0.0
321,744,0.0
321,44,0.0
321,44,0.0
321,44,0.0
321,44,0.0
321,44,0.0
321,44,0.0
321,44,0.0
67,118,0.0
314,104,0.0
314,104,0.0
314,104,0.0
6,99,0.0
6,99,0.0
6,99,0.0
6,99,0.0
299,1046,0.0
914,1046,0.0
299,1046,0.0
930,12,0.0
930,12,0.0
11,1478,0.0
11,1478,0.0
11,1478,0.0
11,75,0.0
11,75,0.0
228,169,0.0
228,169,0.0
11,307,0.0
11,307,0.0
11,307,0.0
228,309,0.0
228,228,0.0
228,11,0.0
599,55,0.0
1303,16,0.0
1303,16,0.0
328,735,0.0
759,32,0.0
759,32,0.0
759,32,0.0
327,277,0.0
327,277,0.0
327,277,0.0
230,1373,0.0
230,1373,0.0
230,975,0.0
230,975,0.0
327,169,0.0
327,169,0.0
327,169,0.0
327,169,0.0
230,11,0.0
4,12,0.0
4,12,0.0
4,36,0.0
4,36,0.0
4,14,0.0
171,14,0.0
171,14,0.0
343,311,0.0
4,48,0.0
793,915,0.0
793,915,0.0
4,51,0.0
4,91,0.0
4,51,0.0
171,367,0.0
1477,91,0.0
476,224,0.0
851,74,0.0
122,7,0.0
719,7,0.0
331,183,0.0
4,7,0.0
715,7,0.0
715,7,0.0
705,1159,0.0
246,1094,0.0
4,82,0.0
4,502,0.0
1267,128,0.0
4,3,0.0
4,847,0.0
4,144,0.0
1480,645,0.0
4,144,0.0
1480,645,0.0
4,153,0.0
